-1.0062891 -0.7677984 0.19993795 0.9921838 0.73644745 -0.99644506 -0.8456676 -1.3841827 -0.6977627 1.5586106 0.2289085 0.15753336 -1.6218997 0.6898751 -1.1324774 1.0922995 -0.13125488 1.4275111 0.6728381 -0.2053891 0.05182656 -0.4792741 0.04328401 -1.4598047 0.8744484 0.3509543 0.67708933 0.3175027 -0.5820789 1.4777608 -0.030503659 1.1150435 0.9907773 -0.669089 1.022405 -0.10232102 1.1712445 -0.9753889 -1.441792 -0.53482425 -0.8693161 0.39707842 -1.1858435 0.29676718 0.37157953 0.4316535 0.7843462 0.8048493 1.1391546 0.53784716 -0.119394325 -1.4936498 -0.42840973 0.76281196 0.23078051 0.26421976 -0.89853317 -0.478407 0.6815851 0.052455273 -0.5688245 0.6223667 0.20977165 -0.10507485 0.83539313 0.24398012 -0.36089304 0.92905444 0.17492427 0.5384435 -0.035273362 1.2998717 2.1510756 0.7563101 0.5784077 -0.8077587 0.9915601,0,7
0.24051839 -1.3550935 1.2473528 -0.45636427 0.84826314 -0.9567025 -0.32081953 0.30827627 -0.07521906 -0.79157764 -1.4554892 -0.4701441 -1.8957055 0.74332273 -0.087588556 -0.77484673 -0.3251867 -0.056652833 1.3587773 -0.73495495 -1.4972156 -0.4781626 1.818782 -2.1971595 -0.8855051 -0.40796277 -0.7281861 -0.45905223 -1.8055369 0.10116825 -1.1410718 -0.8488753 0.13896258 0.52698827 0.99884135 0.07706586 -2.023229 0.9212827 -1.0111526 -0.36321127 -1.640748 -0.108367555 1.0127565 0.23580158 0.65553105 0.8580519 0.28970283 0.93676263 -1.5397828 -0.3040824 -0.87340415 -1.0653026 -1.0089353 0.3934135 -0.79893667 0.36794674 0.47957292 -0.6256658 -1.0171223 -0.33047652 -1.1672313 2.712261 -0.29049194 0.12921767 -0.607345 0.730703 1.3864049 -0.30241627 0.42640072 1.0001664 -0.22315137 0.038318608 -0.66760427 0.615212 -0.3102992 -1.722778 0.3694988,1,4
1.2477459 -0.15224794 -1.3977972 -0.58094937 0.45755792 0.52125406 -0.8889877 0.28095245 -0.5890716 -0.98276335 -1.9093624 1.3831741 -2.1857781 0.8139399 0.57679874 -1.7211417 0.09206419 0.6321437 -0.8064386 -0.21357845 0.5222622 -0.14091161 1.6380593 -0.2585597 0.50787127 -0.5558961 0.8748773 -0.23260973 -0.57656735 1.0433006 -0.6711797 -0.6000998 -0.2507196 0.13868701 0.82887673 -0.36389637 -0.32069486 -0.47504893 0.9377935 1.1220149 -0.41065115 1.069427 -0.085782476 0.9230659 1.0069635 0.7703781 -0.9067879 0.769866 1.2839631 0.12118863 -0.49731988 0.1729132 0.7530925 -0.18047799 0.31696576 -0.8237276 -0.18426359 -0.30145773 -0.010836101 0.8580612 0.670689 1.3556768 -1.2154678 -1.1895854 -0.48793823 -0.008356267 -0.5558512 0.86922073 1.4801245 0.6144815 1.3914626 -0.19306111 0.7852725 0.81623167 -1.2855324 -1.1502575 1.1449116,2,8
-0.18612757 0.37320676 0.56250244 1.0704775 -0.25460812 -1.1973387 0.075786844 -0.61296904 -0.39053234 1.0564106 -0.48095527 -0.3681016 -0.82133687 1.1518716 -0.022343861 1.6248684 0.37207496 0.94026285 -0.5909762 -0.22362518 -1.454628 -0.58315957 -2.0733058 0.2914005 0.4150459 0.2553666 0.66632396 0.49053785 -0.1774281 0.054531798 -0.6776136 1.9629612 0.3773635 0.4842904 -0.18479052 0.34024158 0.49549907 -0.5822042 -0.007330449 1.5337396 0.9397869 -0.54249877 -1.1031119 1.4692581 -0.8499516 -0.3691433 -0.5576666 1.0225072 -1.052418 0.548939 -0.6093841 -0.30916712 0.028437873 -1.835377 1.4600556 -0.25991482 1.592522 -0.096119896 0.012857229 -0.2353165 -0.0052839965 0.6037525 0.4480915 1.00632 0.048479944 1.9301158 -1.8577297 0.8180394 1.6579248 0.2954005 0.99324876 0.55222625 2.4511113 -0.50579053 0.047459375 -0.20292823 0.17530197,3,6
-1.4369034 0.24545604 0.2291379 1.058198 -0.0612754 -0.970768 -1.0634038 0.03870724 0.4616378 -0.4578434 0.69691765 -0.091274045 -1.7414944 0.4787152 1.5353379 2.2269702 1.7385554 -1.2897017 0.5068884 -1.4954882 2.114542 -1.0135201 -1.5579607 0.012662167 -0.18568492 -0.50663245 -0.76566535 1.1543312 -0.7672788 -1.2977725 -0.3353521 -0.2581248 1.5931543 0.6042485 0.6221306 -0.82039064 0.65030533 -2.008292 -0.9587093 -1.5025651 0.8502835 1.2377222 -1.5832845 -0.010132283 -0.5058377 -0.13022336 -1.2380197 1.3158265 0.7562483 0.9959106 0.58749574 0.06778682 -0.27318755 0.24598907 -1.4253498 -1.0885192 0.73205596 -0.77981335 1.5532564 -0.67842454 -1.2195987 -1.3754498 -0.23269072 -0.38746187 -0.29314277 0.23812726 1.8453691 0.21719877 -0.081284456 -1.1978545 0.2689872 -0.35303617 1.645812 -1.5862355 1.4321771 0.004669045 -0.46250927,4,5
0.7664932 1.1088867 1.1511824 -1.309271 1.0902132 1.7930387 0.72596645 0.05937539 -0.44019285 -1.6115959 0.91085035 -1.7739869 1.7984189 2.020727 -0.20673805 1.9242532 0.5472584 -0.37201273 1.1659802 -0.5785563 1.1208762 -0.8743028 -0.33721158 0.57364863 -0.3686134 1.8100098 -1.2276465 0.76162326 -0.9172176 0.013570485 1.2429649 1.7889397 3.0964992 -0.4167386 -1.2128509 -1.4752787 -1.8091222 0.042242024 0.09299495 -1.3375123 -2.1139915 -0.4145864 0.2117565 -1.5504328 -1.1684889 1.331084 2.058779 0.05965258 -0.3744915 -1.1761563 -0.55086327 -0.42784902 1.0093046 0.75519425 -0.60985285 1.0263047 2.3240135 0.87665707 -1.5217112 -1.3622088 0.5187538 -0.095286414 -1.4789963 0.5745739 -0.42073575 0.40708703 -0.5687482 0.5107016 -1.1699779 0.28437644 -1.5527768 1.0115634 -2.550135 -1.0331552 -0.28746936 -0.22503772 -2.528864,5,1
-0.3067031 -0.34101304 0.22426988 -0.41276821 -0.9536938 0.42083243 0.5870313 -0.55882174 -0.9134562 -1.7513835 -0.5682577 -0.27035958 -0.955976 0.35744578 -1.2488551 0.072694786 0.43554336 0.49981374 -1.0475554 0.38806665 0.060891 -1.3291478 0.9490509 1.3120694 1.050467 -1.1002747 -0.8981367 -0.9496518 -0.8830697 -0.6505312 1.4956973 -1.016023 -0.23619542 1.4590074 -0.071287 -0.39436114 0.37928256 -0.73733985 0.2668056 -0.82584614 0.78853285 0.01658063 -0.8572657 1.5549904 -0.9856049 -1.0193206 0.48554042 -0.51816523 -0.4368833 2.7276912 0.68860936 -0.17392163 -0.55875665 0.9632462 0.5614066 -1.0863972 0.025670724 0.58662397 0.03506371 1.5560151 1.5102781 0.28962308 -0.17718154 -0.9908933 -0.17765164 1.1289546 1.0924914 0.009140931 -0.97641313 -1.3272066 -0.44257674 -0.6757241 -0.58092993 1.2542427 0.9153085 -0.030653546 1.8625365,6,7
0.8984817 0.12693354 0.3378227 0.44898996 -0.37606645 -2.0932298 0.27043983 0.41093552 0.34878084 0.5562268 -0.34376153 -1.4089876 -2.0956533 0.92956764 -1.711863 0.22682096 -0.4911806 0.15067387 -1.4831815 1.0201198 -0.41402373 0.053157937 0.8957768 -1.4884393 -0.032520905 -0.33302376 0.8027671 -1.3171754 0.39534 0.65056753 -1.7301463 -0.7829168 -0.42721048 -1.388736 0.87458694 0.46222967 -0.82894444 -0.33588752 0.89075875 -1.1150243 -1.2810277 0.27520365 1.5234677 0.8951392 1.7477027 -0.05785293 0.25284773 -1.8353516 -0.4937879 -0.16109371 -0.05984096 -0.4045116 0.47338834 -0.8752991 -0.71476036 0.40229654 0.5856941 -0.89801985 0.33609962 0.5085832 0.611016 -0.6323297 0.68237203 1.1354866 1.5426083 -0.56920785 0.62979245 -1.9131247 1.4795581 1.1587082 -0.2663756 0.94682443 -0.31486356 0.48375988 -1.8962449 1.4508889 -1.214428,7,4
-0.87958455 0.77304465 0.05129544 -0.18826863 -0.8714916 1.1598123 -1.2074021 -0.9974373 -0.07110015 -1.2639133 0.731101 -0.20940375 -0.3319141 0.62132096 2.1370184 0.56771284 -0.14541939 2.2602196 -0.34395975 -1.0885589 0.66517305 0.2508575 0.60043323 -0.81608576 0.34151462 -0.4540929 -2.1194918 0.6425777 1.1665148 -0.79548764 -1.0278149 0.736524 -1.1471415 -2.1145513 1.104169 -0.8428853 -0.65352815 -1.0538167 -0.366011 -0.9072638 0.5220659 0.7007599 -1.3939004 0.03344655 1.0374342 0.8193435 2.0857444 0.34468928 -1.5660976 -2.010411 0.3693975 -0.023265662 2.3188417 -0.43169695 -0.9332748 -0.42911276 0.9027517 1.2401046 -1.5596061 -0.59473896 1.0559499 -0.92601335 1.4542648 0.5990234 -0.6916646 1.1928452 0.0693787 0.09606943 -1.1255177 0.16820993 -1.131376 1.3127245 0.9833268 -0.40856194 0.08830303 1.3761142 -1.7356372,8,4
-1.2434504 -0.6484031 0.652481 -0.85749274 -0.083567135 1.7774023 -0.7115818 -1.1266627 0.16630521 -1.1908481 -1.2558022 0.7937914 0.014179555 1.5016949 2.7306244 -0.2757034 0.40185875 -0.35926658 0.71856374 0.9435305 -0.5693212 0.54121536 1.2621417 1.4341536 -1.1374559 -1.3583864 0.5740506 0.8482876 0.8342172 -0.5740617 0.8179943 0.14774515 1.5111941 0.27419585 1.8216134 0.0043663653 1.0489048 -0.30732772 -0.80941176 -0.44569427 -0.5493349 -1.1002533 -0.72900707 0.9372823 0.0491554 -1.0752218 -0.19148698 -0.5146919 0.2736092 -0.86679184 1.1555508 -1.1162487 -0.9464339 -1.3334876 1.9165148 0.09124147 -1.4265392 -1.7093307 1.0621197 -0.53081113 0.19602291 1.0462259 -1.7360005 -0.91423 -1.2447634 0.09280089 -0.99032545 0.29482546 -0.8521447 -1.1120375 0.38860056 -1.7385952 -1.2062365 0.14291039 2.199021 -0.59889543 1.5436656,9,9
0.06552045 -0.011025054 1.0690069 0.11467042 -0.61312294 1.0420464 -0.30711266 0.396186 1.5756549 -0.7089004 0.12278842 -1.061573 0.5637134 0.9736065 0.094111525 1.1646756 -0.3225224 0.04224415 0.6527212 -0.5806258 -1.2546306 -0.23935679 1.6076667 0.20298328 0.89465415 -1.126444 -0.16145752 0.119415686 -2.635215 -0.7945197 -0.0008332173 0.064734384 -0.78570664 -0.48660702 2.0728383 0.21492952 0.17820959 0.38288063 0.47977418 -0.7423554 0.65103906 0.81377983 1.197356 0.47185436 -0.28497922 -0.6189643 -0.5670862 0.80520034 1.5727301 0.10627748 -1.6760422 -0.034777913 -2.1189709 0.9564361 0.6168643 0.28538388 -0.008693074 -0.78128874 0.76970434 -0.6124853 0.5471142 -0.28306037 0.17178491 -1.6080071 0.43281612 -0.120718345 1.3508595 0.36267856 -1.1797022 -0.3337358 0.35760117 1.5587565 -1.7399058 0.4517603 0.34954283 2.1998887 -0.4839796,10,9
-0.39983422 0.07164811 -2.652923 -0.3751413 2.0763185 -1.956934 -0.32174674 1.212465 -0.49019444 0.8336507 -2.33348 -1.9340175 0.1700462 -1.617909 0.9212857 -0.590225 -0.9889608 0.5581709 0.7406736 0.5796438 0.8609453 -1.1364743 -0.5599011 0.10270609 0.87449646 -2.0251405 -0.032659497 0.41371208 -0.47030172 -1.1331418 -0.0020356595 0.7372763 0.5406073 -0.56543726 -0.4615546 0.20446947 1.1703373 0.35703582 0.7663228 -2.303769 -0.7938117 0.72940034 0.3716909 -0.5981432 1.3171556 0.22650012 -1.2701104 -0.79333025 -0.89603406 -1.9540514 0.03266266 -0.71282166 0.14561321 0.65244377 1.2855116 -0.17092033 0.5605369 1.4042584 0.15541346 -2.2065156 -0.7387252 1.0631584 -0.8204708 1.1376688 -0.68049204 1.492127 -0.48233607 0.77379966 -0.5976376 0.5365745 -0.45884266 0.5127113 -2.2323487 0.058644522 1.0848149 -0.6032938 -0.25909436,11,7
-0.5950851 -6.228679e-05 -0.83705896 1.7366776 1.5773273 -0.27153865 1.2120306 -0.09660724 -0.6885635 -0.6334586 -0.0778344 -0.45245525 -1.141434 0.52275103 1.095731 -0.18075915 -1.1156777 -0.05328551 0.250212 1.0234423 -0.19123396 -0.6895922 -2.2863593 -0.4091333 0.94182575 1.2216872 -0.20587668 -0.5567761 1.5599806 -0.7326548 -2.494433 0.4304276 1.2187014 -1.7877873 0.36556402 -0.18587671 -1.1713328 -0.26941794 0.4158972 -0.7152373 -0.7549096 -0.66391194 0.74227303 1.6941677 -0.43466341 -0.47451225 -0.62351716 0.022040898 -1.621064 -0.3158645 0.74602926 0.8809927 2.5377424 1.0825595 0.0033457587 -0.67380583 -1.4305328 -1.5421745 -0.76346225 -0.15383825 1.2928658 -0.8896357 -0.3171494 -0.21120551 0.37606975 -1.5632371 -0.5605971 -0.21951999 1.414306 0.6170822 -0.03448066 -0.0014876915 0.89727044 0.39237174 1.5077221 -0.42308584 1.0863299,12,6
0.75582457 -0.4391382 -0.4268591 0.88473564 -1.0900055 -1.1171294 0.33915162 -0.39134154 -0.33985674 0.5471375 0.83494586 -0.121932484 -1.3287094 1.7628752 -0.5501352 1.6031998 -1.0568403 -0.292404 -1.1887698 1.1699765 1.1420621 -0.098250195 0.98718494 0.99869734 0.9656934 2.3224862 0.6700811 -0.60623544 1.1427785 -0.95616865 -0.5213716 0.9832892 1.2810473 0.43971565 1.1546794 -0.82586145 -0.11731192 0.78255576 -0.09926973 -0.44913822 0.92452586 0.5595704 -0.35419 -1.1531047 -1.3024786 1.6336671 -1.1163356 -1.5515281 0.47696105 -0.26910847 -0.320154 1.0860894 0.52691495 -1.8889439 1.6020354 0.41665792 -0.48491925 -1.7178935 -0.6842213 -0.5929695 1.7264944 0.24600445 0.558946 -0.4842315 -1.6924127 -0.770168 -1.1672585 -0.80000687 0.2993221 -0.45343485 -1.1913425 1.4214514 -1.4151748 0.64361167 -0.7579102 0.7577753 -1.6766504,13,8
0.2923983 0.947335 -1.0975927 -0.38906127 1.1454045 -1.9193887 -0.09044192 -0.45175382 -1.5003444 -0.9999173 0.6526703 0.62679 -0.6225062 0.713069 0.0071645556 0.32080787 -0.41070005 -0.9331884 1.2256818 0.8944274 0.31483722 1.5499234 -0.6635704 0.39761674 -0.8575943 -0.5312792 0.671428 0.07239778 -0.7122653 -2.1232734 -1.1878569 -0.7324738 0.081427984 0.112612255 -0.84286416 -1.5971583 1.5049726 1.5528533 0.18218221 -0.88728374 0.7780413 1.7251785 -0.9317738 0.56568116 0.77231544 -0.94813573 1.941765 0.10241676 -1.4544804 0.45873103 1.4821573 0.39777836 -0.6045021 -0.7177912 0.15424626 0.8521684 -0.9341922 -0.33714777 1.5632715 -0.42347273 -2.1537375 0.58815336 0.40918702 1.0651299 -0.69519484 -1.434046 -1.9934323 -0.48530683 -0.20167117 0.28265098 -0.5560937 1.7231114 1.2776237 -0.6060744 0.7367691 -0.8269535 -0.89985347,14,3
-1.7515674 1.1307569 0.5128997 0.9499489 -1.7805544 0.0108405035 0.2280715 0.50072485 0.06691493 -2.114377 -0.26670992 -0.4164876 1.319341 -0.087646075 1.8113927 1.0864575 1.1746832 0.21109731 -1.2651833 1.0807508 1.3662369 -0.6288041 1.7714947 1.0278531 0.70359975 0.097366706 1.5236194 0.208326 -1.1316198 0.55041534 1.2589235 -0.26409712 0.565951 1.3896219 -0.57262194 0.014553841 0.6838626 -0.5820829 -0.53436637 -0.5309641 -2.4707549 0.37033758 -1.8622396 0.70342755 0.49012065 -0.90497607 1.0030426 -0.058645807 1.3900642 -0.19509967 -0.22857308 -0.055555865 -1.9513634 -1.0345597 -0.9254353 -0.7173539 -0.3713532 -0.79745704 1.609011 0.49302715 0.21287669 1.0057985 -1.525159 -0.620275 0.07842066 0.32005876 0.3901292 2.0120606 -0.42359394 -0.9432298 0.37343025 -0.30106416 -1.3491277 -0.1734265 -1.7821444 -0.5259444 2.4615245,15,6
1.570348 1.2794138 0.02083581 0.8841605 -1.3323172 0.9074472 -0.6967889 -1.035542 -0.56651574 0.8722032 -0.094001554 0.37596226 -0.018071016 -0.97009575 -1.4667085 1.067056 2.1700857 0.594201 0.5152083 -0.458551 -0.40522715 -0.6190684 0.55444044 0.42439997 0.5818059 0.6833741 -0.46885613 -0.12885974 1.0171098 0.18918581 1.243769 -0.1682826 -1.8931662 0.92273307 1.0545167 0.20750009 -1.0708461 -2.3610892 -0.0899479 -0.5172866 -0.93607 -0.1281058 1.0331156 -1.1359135 -0.9372259 -0.4775497 -0.23339453 -1.6491709 0.7554393 2.638678 0.62639785 -1.1828084 1.7234532 0.83091545 0.5399018 1.4358385 1.0489677 1.1342151 1.1216519 0.7019007 -0.78954786 -0.2539103 -0.34443548 -0.15862252 -0.8401568 0.87688226 2.5552123 0.000785079 -0.7300014 1.3548999 -0.89992356 -0.5002909 1.5637617 -1.4440386 0.016908506 -0.14986448 -1.4038436,16,4
-0.4173039 -0.46467212 -0.22952427 0.33680132 0.61026955 0.61731 0.45250046 0.5167115 0.07083826 -0.5490702 -0.0018885755 -1.6949201 1.4824408 0.9813928 0.97023237 -0.4090801 -1.2103729 -0.45366997 -0.64087933 -0.9122938 -1.2739674 0.31710812 -2.1063352 0.7369529 0.68227094 0.26509142 1.1603069 -0.076544404 0.14589208 0.495553 -0.8394143 -0.5406208 -0.853588 -1.0248128 1.488687 -0.00055732555 -0.21397513 -0.19925615 1.2168263 -0.8289404 0.6539051 -1.2398497 1.8128707 1.230841 0.3918923 0.78371155 -0.39932096 1.5977924 0.38352612 -0.017136134 0.5660368 0.8464351 1.114087 -0.6450884 -1.5201159 1.3952512 0.6938839 0.92838264 1.1507875 -2.161781 1.7745502 0.2026573 0.46992296 -0.5991708 -0.42475265 0.55307287 1.6071936 0.17587553 1.1024237 -0.714373 -0.70393676 0.7617513 -0.48801824 0.52146095 0.30354935 -0.47520456 -1.0056404,17,9
-1.3932389 -0.81580174 0.524335 1.2801342 -0.2990676 -0.06765725 -0.26171204 -0.29866236 0.04016949 1.1672385 -0.56864023 1.0239894 -0.3942198 0.58032966 -0.29151136 1.7436548 0.9084895 0.21221136 0.16289797 -0.69640243 -0.6703471 -2.3002205 0.6335401 0.33047256 -1.5235308 -0.27907252 -1.7125001 0.36040762 0.6517946 -1.7243996 0.47141954 0.23462269 0.11614278 -0.41686606 0.85105497 -1.2255809 -0.15805969 0.6769476 0.7728147 -0.12741852 0.120656066 -1.582584 -1.1645348 -0.96963483 0.76477844 2.02767 0.9038602 -1.1194265 -2.06882 0.42409834 0.53395075 2.129693 0.9761491 -0.2156307 -1.8877199 0.33992225 -0.24774201 -0.31925762 -0.09620153 0.9495465 0.023096645 0.98050284 1.1394793 -0.098915085 -1.0936923 -1.8091677 1.9648919 2.4118981 -1.5169092 2.5378807 -1.1962934 -0.86927223 -0.9457056 0.9162355 0.46096706 1.274922 0.76208407,18,4
0.109243184 -0.52599555 0.9684529 0.58524865 -0.4268038 -1.1279153 1.1456387 -0.87217087 -1.4622642 -0.3080646 -0.15547165 0.76969814 0.87928784 -0.07663222 -0.31529012 -0.12572792 -0.4615143 1.1484079 0.7546567 -0.12548524 1.0230974 0.01783135 0.2047703 -0.13001017 0.9409579 0.57852226 0.53887534 -0.59238666 0.8244896 1.6622806 0.16593358 0.20968659 0.82785654 -0.053835094 0.8218768 -0.45474073 -0.8620681 2.3542683 0.27073565 -0.06909487 -0.052525703 0.40193874 0.38263172 -1.0347798 1.299789 -1.1596376 -0.07410079 -2.0246844 -0.5370111 -1.1244572 -0.5691275 0.16686487 -1.070392 -0.14897881 1.3604323 -1.1601834 -0.5603705 -0.61239785 -0.64197296 0.37682563 -1.2234795 1.048893 1.1778041 1.170128 -2.3152661 -1.4556736 0.37964928 1.0744368 0.89485955 -0.9306382 -0.04649017 0.8052294 0.5524005 0.087783076 0.58774734 -1.2475337 0.11781233,19,9
-1.3209438 0.5822278 0.19543906 -2.013801 0.77490485 0.69831973 0.06726807 -0.5948658 -1.7550972 0.6858156 -0.12518747 -2.238257 1.1601366 -0.032226972 0.7233971 -0.83788633 -0.44448164 -0.037312344 1.1371309 -0.042587087 0.36127347 1.0165414 -0.20532893 0.3831652 0.566654 0.36299834 -1.3759497 1.6652272 -0.49488094 0.90824664 0.8165471 1.328648 -0.4068276 1.8237196 -0.68135875 -1.3727492 -0.8414538 -0.06374616 0.11734358 -1.6479776 2.5652578 -0.44087523 -0.5419927 -2.1763544 -1.1593143 -0.28742033 -1.0259478 0.35743278 0.92168254 0.017774858 0.4706719 -2.253018 -1.2369632 -0.31996664 -0.653269 1.1380372 0.24384883 0.29719707 -1.0836012 0.47927025 -0.8541872 -0.38821572 -0.15362297 -0.19902183 -1.0916855 0.08063626 0.24950586 0.032657154 2.9925997 0.7205541 0.4638333 -0.594689 1.175168 -0.049059194 2.8940172 0.08749705 -0.7970714,20,0
-1.2908151 0.908381 0.6218461 -1.0514544 -1.2438725 1.7669973 1.1464031 -0.1854564 0.3902918 -0.16608371 1.2233195 0.12600376 -0.8776944 0.6983265 -0.80546975 -0.77738035 0.30265725 -0.5862423 -0.90618604 -0.010578021 -0.09514105 0.08689128 -1.0406079 0.5682025 -0.6384095 0.0843412 1.6148592 -0.663452 0.71017295 1.0114455 0.94203174 0.16844675 -1.4529837 -0.6521121 1.2538583 1.839755 0.97543126 0.21820031 1.5478425 1.2033379 0.21642573 1.6951466 0.4513781 -0.970741 0.09280871 -1.463845 0.16959955 -1.9743142 0.17252877 -0.96916115 -0.17589335 -0.24053349 0.9631665 -0.112721756 -0.6132235 0.3621816 -1.5299361 -0.5987648 -0.27931303 0.88630116 -0.9043312 0.6923697 0.001246921 0.13020843 -1.1829667 0.89847714 -0.7034822 -0.587203 0.49225256 1.8555489 1.0272058 0.8219032 -0.71880084 -0.6201671 -0.9898658 0.5747654 1.5625628,21,1
-0.6768935 0.08078936 0.390553 0.5344959 1.206611 0.16843224 0.48469228 0.72102106 0.6818458 -0.46583667 1.7439439 1.3559895 1.875737 -0.052560154 0.90350866 0.108038716 -0.42605773 -2.2593172 0.64045244 -0.83791643 0.29792228 -0.15313295 -0.6807393 0.19651832 -0.41477624 1.1587379 -0.2744999 0.28130755 -1.2245272 -1.1643169 -0.6474439 -0.36878052 -1.6313283 -1.0583801 0.76856256 -1.1138735 -1.2325176 -0.19382462 0.7871527 0.23895755 0.35196579 -0.7490902 0.15664016 0.47738612 -1.2398864 -0.029182175 0.9687596 -0.11958507 0.56578815 -0.3745896 0.64412516 -1.4337142 0.8996827 -1.1886224 -1.0316778 -1.8691162 -0.25056973 0.13649616 -0.13498875 0.7066177 0.60111856 -1.3131212 -0.43972242 0.5815945 1.1915443 0.33623278 -1.1951517 0.87698096 -0.12343076 -0.10878355 -0.17592435 1.0111732 0.3186429 -1.3185176 -1.3233683 2.095242 -0.24523962,22,5
0.7293649 -0.6143494 0.72067 -1.7935331 -0.13490485 -0.40617234 -0.156015 1.1432918 -0.7172706 0.20079125 0.1857645 1.8199599 0.03775651 -1.2099085 0.79347885 1.3985598 0.80480516 -1.0160447 1.3049705 -0.33946213 -0.36598858 0.4840376 -0.82903236 -0.6337465 -1.3223065 0.17214294 0.02274314 -0.56769806 -0.6898711 -0.18647632 0.030775568 0.48406422 0.38001466 1.287847 0.28243604 -0.3588148 0.19289152 0.0295347 0.17713957 0.104294315 -0.9936955 -0.29529244 0.6250429 0.08694959 1.1367443 0.15171877 0.81440544 1.5956349 0.9348084 -1.1511312 1.3103908 0.2558607 -0.70513064 -0.25106278 -2.1651042 0.33006445 -0.08480897 0.59216505 0.21605724 0.099576466 -0.8989742 0.3510448 1.043997 -1.1714722 1.9462446 0.5346104 -1.1509866 0.5520284 0.8146611 1.8042252 -0.7470126 -0.65863043 0.68298453 -1.1498545 -0.17934756 0.17573304 0.051637627,23,1
-0.24194515 0.20317371 -0.15426503 -0.48211452 -0.78222173 0.8872854 -0.58791846 -0.058217242 -1.0091128 -0.9330359 -0.6466468 0.54887325 -0.13972299 -0.3488225 0.82309115 -1.0411366 -0.32478222 -1.5175065 1.6255616 -0.019461675 0.44949886 -0.8892553 -1.190487 0.5936393 -1.0506103 2.903499 1.2141875 0.7251645 1.2382184 -1.8906447 1.4743547 0.23236755 0.5369953 -2.8125865 -0.026764682 0.095770516 1.1818303 0.5113907 1.8789964 0.43700352 1.3531116 0.047715094 -0.57319665 0.3379731 0.07942987 0.7078565 -1.0307289 -0.10129743 0.26653132 -0.004149463 0.20350012 -1.1917832 -1.781168 1.2579236 -0.49470317 -0.33378747 0.97199523 -0.27450517 -0.24420604 0.80139613 -0.54597324 -0.071095414 -0.4144765 -0.7311227 -0.82962805 1.481427 1.9375257 0.10530817 0.6995582 0.11981001 1.4924684 0.9887803 -0.54272795 -1.3403755 1.1642505 1.1051186 1.2464054,24,1
0.49726945 -0.29179597 0.3064825 -1.4386852 0.27353686 0.034254454 -0.56756127 -0.9625868 1.3270106 0.48323667 -1.937068 -0.040620312 0.70416224 -1.0732933 -0.23043658 0.105166435 -0.52779174 -0.6949859 -0.50953454 -0.5129681 -1.432353 0.13344677 -1.3329396 0.5114687 -0.1977923 1.2829978 1.6265433 1.698628 1.634565 -0.4829168 0.90349865 1.8411349 -0.24330151 1.1827563 3.4487913 2.6811402 -0.6245624 0.14321691 -2.1650605 0.25992265 -1.3833534 -2.4831524 -0.23243703 1.7497271 -1.4205121 -1.7716206 1.4405546 0.7530653 0.13986038 0.42866847 -1.008 -0.5146721 -2.175556 -0.23574705 -0.22855489 -0.21616742 0.62206924 -0.2573642 -0.466102 1.2095586 -0.18808517 1.9932785 -1.1890045 -0.045204386 -0.042225163 -0.14191495 0.9723668 -1.1075001 0.48845568 -0.55331063 0.5367321 -0.65762705 -1.5351719 -0.2768012 -1.131745 -0.5210099 0.7715183,25,1
0.69776917 -0.38246307 0.8816694 0.46429878 -0.091736756 -0.37475473 1.0951421 0.96014 -0.57136637 -0.21041572 -0.7519517 0.82247037 1.0022174 0.3581307 0.6187776 0.053785976 0.20867422 0.23816262 0.10904676 -0.66080946 -0.37832353 0.21706109 -2.0169883 -0.109989315 -1.3672901 0.94886106 0.25701034 0.71656287 -0.32875767 0.6877896 -0.930589 0.5920268 -1.2763215 2.0413642 0.3797673 0.15714578 -0.73911905 -0.77589417 -0.10942701 0.6322495 1.1133641 0.2516378 2.6236103 0.40762466 -0.36329463 0.67362785 -1.5383471 1.5469774 -0.07115858 -0.22875658 0.09081616 -1.4163073 -0.11101088 -1.6475314 -1.7373925 0.5182451 -0.6495149 -0.21401271 -0.19566035 -1.0459715 0.89546084 -2.0461583 -0.905648 -0.60989606 -0.08259624 -0.7097002 -0.11168391 0.4490678 -0.8788436 -0.013148827 -0.6887712 0.7436857 -0.14694262 0.34807274 -0.7246966 -0.20791121 -2.5429013,26,2
0.5343103 -0.75516415 -1.4321045 -0.1285197 -0.5747775 -0.011196902 2.204899 1.3899417 1.2223356 -2.102867 0.12930231 0.66661173 -0.1885834 1.5476316 0.40196514 -0.040536005 2.5457397 -0.2504651 1.3799449 0.6432754 -1.039849 0.39005607 0.60822237 0.46503845 -0.9160537 1.5364879 -0.7127888 -1.5601529 -0.73112047 -0.011085135 -0.42528024 1.7561314 -1.037532 -0.7236495 -1.388741 -1.3243452 0.4468805 0.46425018 -0.60299784 0.6291436 -1.9906993 -0.39652804 -1.9859129 0.4685757 1.0936083 -0.3631934 0.28936797 -2.7112417 0.9660946 1.7486826 0.1963312 0.059767246 0.55360407 -1.5148213 -0.7059686 -0.6849817 -0.4818451 0.4116684 -1.3252864 -0.83617795 0.029670754 1.2565948 -0.14286225 -0.1304438 -0.6512299 -0.86802924 -0.2735172 -1.5715448 1.2873714 0.0667336 1.0741775 0.101838216 -0.6949407 -0.94603336 -0.725658 -0.18879563 1.1508563,27,8
-1.1678776 -1.189023 -0.6898462 1.4558969 0.009978137 0.017460635 -1.182496 -1.9667399 1.108255 -0.88403034 0.57565725 -1.5968843 -0.050082825 -0.42066497 -1.8762159 0.0607661 0.82902735 0.10335166 -1.7160757 0.9505155 0.13825451 0.99187875 -0.7145261 -0.7058113 -0.2336974 -0.88001996 0.8989645 -0.30357957 -1.0278376 0.2765725 -0.9010113 -1.2701516 1.0521475 -0.019845044 -0.86246526 1.0305946 -0.73123765 1.0197858 -0.17699488 -0.85265845 0.012583647 0.8253488 -0.53066397 0.20575447 -1.4102403 -0.7080139 0.19421777 0.38673544 -2.1345513 -0.80816543 1.5537504 -1.6076616 -0.7267687 1.3740326 0.5501764 -1.1691275 -0.35272104 -0.48978278 0.104669355 -0.186579 -1.4823717 0.5292149 -0.73185176 0.35019454 1.260579 -1.2168357 -0.85043323 -1.3547959 -1.38965 2.2708738 -1.4245131 -0.39743933 0.40695038 3.7833524 -0.49647507 1.0150073 1.4085121,28,3
0.38642874 0.40184742 -0.09262954 -0.0833778 0.68736315 -1.5533066 -0.107257746 0.19499442 0.118308805 -0.91516614 0.30122617 0.0805302 1.5048473 0.19506162 0.77422714 1.4270885 2.492906 -1.5803149 -0.38966095 -0.8095917 1.9380041 -0.83288217 0.5999631 0.538425 -0.42870292 -1.1932123 2.2546856 -1.5150007 -1.2761519 -0.03202022 -1.8211926 -0.85207325 0.3150215 0.50672597 -0.74868864 0.06766732 -0.644439 0.20491411 0.20677647 -0.9247462 0.6620753 1.0352511 -0.10030933 0.94180185 -0.78219235 1.3548734 -1.3529605 -0.19641165 0.9464219 -0.1245246 -0.40879658 -0.327864 -0.5588272 1.1310806 -0.59858036 0.2693549 -1.1847032 -0.63096684 -0.51742077 0.6996066 -0.083277725 0.3902739 -0.28859922 -0.80466104 0.20944954 2.4588966 0.6057239 -0.63012016 0.5764645 -2.7051797 -0.6421128 0.6854102 0.3771036 0.86019886 0.3499309 -1.755599 1.1515869,29,2
0.13898787 -1.1010631 0.43529886 -0.0950168 -0.08084872 2.132871 0.9813759 -0.64500695 0.7926894 1.4621896 1.2016647 1.0376635 0.12301785 -1.8411666 1.3616773 -0.22528264 -1.5840918 0.08841994 -0.042640157 -0.7193295 -0.29337496 -0.2937295 -0.6657598 -0.010540001 -1.5701869 -0.2597471 1.5471512 0.43862742 -0.6806051 -0.87984633 1.1223047 0.38586962 -0.7887945 0.64427614 -0.042309288 -1.3293318 -1.6203918 -1.2699317 -0.7405995 0.46442613 -1.622428 -1.2612226 -1.7222515 1.4835417 -0.35793254 1.4444833 0.4040268 -1.0552956 1.6470633 -0.66279465 -0.36176252 0.63065827 -0.36959726 -0.7182246 -0.73737174 0.28144315 -2.9150007 -1.9363129 -0.09520181 -0.44892898 -1.2053024 1.5531607 0.8184099 -1.4577572 1.3186946 0.5128436 -0.07507061 0.3372743 -1.5401355 -0.17621034 0.73029476 -1.9230822 0.92245847 -0.34526685 0.8183961 0.48061088 0.80128396,30,9
0.89582294 -0.49333447 -0.5353967 1.884756 -0.65555775 0.43259934 -0.7913133 1.0386252 0.89603233 1.1155814 -0.41048732 0.5664393 0.91313225 0.6600242 1.1426376 -0.6079008 -0.97011274 -2.0898347 1.3618476 0.41600925 -1.5375962 -0.65525854 -0.53409046 0.9385822 -0.6311102 0.032561947 0.084868036 -1.1641535 -0.46439055 0.8089426 -0.5906587 0.4453388 -0.4402431 2.5133283 -0.7397963 -1.0018793 -0.8340079 -0.4071142 -0.44827735 0.49531013 0.017607503 -0.5917791 -0.92191344 0.633407 -1.1163691 -0.60387856 0.053514197 -0.27201438 0.07838781 -1.3536106 0.3818386 0.052444655 1.0939835 1.0451304 -0.5107001 -1.1280955 1.8715379 -0.8617091 0.38112482 0.59028786 1.4406703 -1.7149357 0.6443838 -1.4868065 -0.46937332 0.91131604 -0.52492857 -0.53752613 0.8534355 -0.8403239 0.076844245 1.6996996 -1.9686182 -1.4652901 0.91936153 1.6209611 1.5031443,31,0
-0.52682775 0.35693568 -0.90001935 -1.4645354 -0.9388264 0.36584637 -2.3648763 0.31815416 1.4011936 -0.15539473 -1.0443445 -0.06266135 0.25444853 -1.1405735 0.27419207 0.1851987 -0.6130242 1.4368984 -0.40559223 0.24906458 -1.6923647 -0.025410658 -0.85909784 -0.7819771 1.0394726 -0.9435775 0.5540333 1.3534585 -0.25392926 -0.2720521 1.9558258 0.5945728 -0.30071658 -1.8960941 -0.83090323 0.7675672 0.2228006 -0.2411249 0.13163662 -0.4119074 -2.2255065 1.1276804 0.29225656 1.2476728 0.053788457 -0.16039075 -0.2832737 0.07539388 1.0301758 0.80119544 2.3850732 0.28916273 1.0412337 0.2099694 2.8546367 -0.3669707 -1.1102878 -0.28760383 1.8794378 -0.8096195 -0.7345593 -0.30811557 0.24048227 0.09702423 0.020861944 0.028966982 0.06637437 0.23072298 1.6618499 0.2111086 -0.87004423 0.3510645 0.3541884 -0.5514028 1.7867041 -1.01507 0.3776748,32,1
1.9602845 -0.8817639 -0.0033748385 0.27780336 -0.32818872 -0.285462 -0.2713675 -1.496259 0.6686196 1.1441501 -0.13198183 1.5742805 -0.67566496 0.18351462 0.7453959 0.7902008 1.0555141 -0.25576034 -2.4764638 -1.2141614 -1.3939469 1.6913823 0.07358902 -0.50683314 -0.08962947 -1.6737136 0.18973897 -1.4289749 -0.7730381 -0.7270539 1.3839054 -0.18984926 1.0315205 -0.93059874 0.6624777 -0.50089055 -0.73686856 0.6582324 -1.0576084 0.43285653 -0.60633236 2.4104655 -1.6485674 -0.34324825 -0.15208754 -0.19136009 -1.702212 2.594947 -0.73249346 0.38069448 0.16851175 0.023683546 0.73943084 0.04322477 1.2359405 1.9253119 1.5287447 0.668254 0.87704134 -0.373134 -0.85340875 -1.7381419 0.5238819 -1.8831842 1.1810113 -1.485751 0.16803063 -0.443498 0.39625242 -1.2256645 -0.75297827 -0.07977825 0.048703484 1.1774962 -0.79128283 -0.8521042 1.0933022,33,8
-0.8466444 -0.68643206 -2.2624476 1.2492179 0.57623816 -0.20004983 0.39087188 0.25594085 0.27429098 -1.1454477 1.1005594 1.1244271 0.13969266 0.13738406 0.9591955 -1.3148143 0.24782804 -0.25434488 0.31398848 -0.47927526 0.73794407 0.09555565 0.5160106 1.9601781 0.6879848 -0.5864356 2.2049267 -1.7923676 -1.2893503 -0.011844722 -1.0603713 0.6579785 -0.335913 0.0034755638 0.27166677 -0.6181123 2.0337558 0.60880953 -0.9984662 -1.0802165 0.82548183 0.14211056 -0.4546301 0.48781985 -0.1523346 0.01989768 1.6088394 0.10147986 0.29701963 -1.2851697 -0.3595029 -0.42636654 1.8210006 1.8067718 1.2224809 -0.6607116 -0.5083882 -0.58022046 -0.55361664 0.21676889 0.40848163 -0.6887456 -0.46624342 -0.5610811 -1.0803955 1.0000864 0.32511666 0.7715636 -0.62551826 0.634186 1.0090404 -1.1157663 1.2035176 0.5089129 -0.19385506 -0.39111593 -2.2258883,34,8
-0.5933011 0.09481539 0.41436195 -0.87662977 -0.051718213 -0.004021385 -0.15517993 -0.39334342 0.2126502 -0.71771216 0.24440394 -1.2869331 0.5555269 -0.05136248 1.5679892 0.7103009 0.5463617 -0.025911245 0.28714982 -1.4339546 0.47148815 0.62313306 -0.038465627 1.2442541 -0.5081239 0.086814836 -1.191386 0.5594877 0.5092571 -0.68776256 -0.99073064 -0.43591067 0.7876816 0.9891236 1.73415 -0.55090904 -0.9408363 1.2055339 1.424867 0.98751163 0.21228468 -0.49857822 1.4307338 -1.3846163 0.38858217 0.059189558 -0.9664655 1.6899441 -1.5118214 0.55472237 1.0236709 -0.9843587 1.0778399 -2.5460477 0.2594185 -1.4234385 0.50303346 -0.90657437 0.9104382 1.1976197 -1.6933417 0.947652 -0.773216 0.7416842 -0.6460995 0.29265863 0.42276382 0.1465527 -0.65260357 0.93256736 0.7228371 -0.5035618 0.88447654 -0.7477067 -0.30024996 -0.95238644 -0.86597174,35,6
2.0496664 1.0389442 0.46208543 0.8703903 0.4845178 -1.0550708 0.22359209 -2.3791466 -0.6248308 1.8394122 -0.51470655 0.66530657 1.3521401 -0.52930737 1.0214497 2.0505877 -0.5366511 -0.15334855 -0.53798354 0.3881811 0.24254641 1.5822177 0.9603894 0.4484364 1.1235112 2.2209954 -0.39623702 -2.5983524 0.98037064 -1.2709512 0.3814239 -0.9459448 0.13194409 -1.0191537 -2.3797567 0.8820695 0.4727937 0.48320755 0.9975181 -0.044441108 -1.760171 0.040243357 0.6679604 0.6574682 0.30153888 -0.11575292 -1.0696987 0.84094435 0.9891189 0.38856977 -2.0881667 0.5595191 2.0267286 -1.1843449 -0.6009514 1.1609184 -0.5176951 -1.130523 -0.5523476 0.08330609 0.88639873 -0.7714478 -0.64832973 0.9812603 -1.2392546 0.6427908 -2.2215924 -0.11448028 -0.86582404 -0.32404044 -0.30357084 -1.5123339 -0.8619327 0.67311674 -0.016684549 -0.71604717 0.89028037,36,2
-0.35601258 -0.76033455 0.54917777 -0.22293627 -1.3934 -0.95419776 -0.33315364 -0.4765306 1.4751343 -1.1532296 0.80666375 -0.8166782 -0.8683504 -0.7165619 -0.012723512 0.6724206 1.2959229 -0.13133863 1.2691252 0.18223259 -1.8133415 -1.3134562 1.5251801 2.340517 -0.124491 -1.2856556 0.20673735 0.80334234 -1.7021387 0.55657804 1.6406583 -0.9494928 -0.70755893 0.49084508 0.8904796 1.1888242 -0.70819414 0.302363 0.96786153 -2.2309995 -0.62660575 1.773123 1.7973317 -0.14635262 0.83093065 -0.78744733 1.2800306 0.34624755 2.051115 0.10713278 -0.42923796 -0.5892573 2.0902882 -1.2705667 -0.62072855 -0.5866477 -1.7507561 -1.9054836 1.2674149 0.60492545 -0.3921156 -1.0926509 0.19161038 -0.16937198 1.012144 -0.80527675 0.7555399 -1.6094398 1.066128 -1.2892108 0.6802519 -0.64080304 -0.5909681 -0.7679603 0.76657677 -1.6950713 0.6725372,37,0
0.73998356 -1.0173678 1.0544875 -0.078496955 -0.28914574 1.0737859 -0.21855116 -2.4845347 1.3106816 0.15937842 -3.068446 -0.58073455 0.43187007 -0.14359511 -0.68352944 -0.18663403 -0.20530553 -1.099979 0.51207596 0.14080259 -0.37861985 -0.46958008 0.7435526 -2.1691258 1.6256433 0.73634404 -0.2514835 0.93970007 -2.0625439 0.29525864 -0.82736343 0.890201 0.59011525 0.23247094 0.2890775 0.4120165 3.2793314 2.3034806 1.0284028 -0.55670714 0.67750263 -0.2508003 0.8909523 0.29029575 0.7991399 -0.5083271 2.0871453 -0.8932291 -0.33405098 2.136726 -1.5592288 -2.0596054 -0.32844308 0.5852567 -0.23163512 1.9932879 0.85511625 -0.65134776 -1.0975704 -0.81051767 -0.7288322 0.048806753 -0.31687996 -0.28282753 -2.1972804 -2.1461015 -1.0901712 -1.2514844 0.33784804 -0.9337278 1.2711674 -1.9651612 -0.6098539 2.01185 0.29232094 0.041830927 0.69886094,38,7
-1.8157985 1.0542799 -0.6630279 -0.20040973 0.100976415 0.4870188 0.6494317 -2.0273654 -0.09914347 0.89519453 1.5983862 1.1057707 0.18699396 0.27100256 -0.24710238 0.08420338 -1.4015462 -1.1429709 -0.66044235 0.028939435 -0.14725882 0.7103654 0.5518082 -0.07789357 -0.01810446 -1.4366812 0.072347075 0.5795699 0.3573915 0.7813518 -0.63490224 0.08579814 -1.4857733 -0.97539455 -0.1865572 0.54130954 -1.0957474 -0.356332 0.09106436 -0.2830645 -0.15406264 0.90620023 0.81805444 0.17157397 0.88182104 0.2844468 0.8004883 -1.2466265 0.22910629 0.15383843 -0.49184373 -0.6871431 -0.43296936 1.3668699 -0.10600917 -0.6635472 0.6676094 0.50185823 0.041394133 -1.296829 0.3855228 -0.413616 -2.2387304 -0.3276556 1.5843669 0.9570025 0.63440585 -0.6853081 1.0468781 -1.2106382 0.7420935 -0.4755502 0.3124426 0.070832156 0.33273634 -0.5968423 -0.61155295,39,3
-0.2669997 -0.47779062 1.511046 -0.5348318 1.6102772 1.2150257 -0.6370741 0.041542295 1.0350173 1.8500142 -1.8578218 0.31672361 -0.064377 0.8436757 -0.32577136 -1.0205497 0.008358072 -0.16231894 -2.2812874 0.2388064 1.1461592 0.10093137 -0.5851605 -0.33644986 0.35191622 -0.41857228 0.18988454 0.84602624 -0.94868267 0.3528629 0.81548434 1.1557547 -0.177123 -0.43630886 -0.83886623 -0.16536595 -0.71408856 -0.016304804 -0.28700203 -0.13674103 -0.14450704 -1.1712726 0.7819419 0.17706287 1.2235891 -1.8337896 -1.0216241 -0.7209452 0.15624774 0.46048215 0.4971143 -0.046976727 -0.83005863 1.9561316 -0.28222764 -1.1612841 1.1868715 0.12986024 2.5966253 -0.88965774 -1.0120271 -1.4963752 1.439711 -0.034785476 -0.64510816 -0.17095742 0.8870414 0.117715575 0.7389399 -0.15153047 -1.3134488 -2.5477073 1.1228554 0.71372014 0.06385464 0.61327666 1.020544,40,7
2.0068135 -0.49531114 1.3687342 0.28554362 1.486652 -1.8940523 -1.9272103 -1.8587987 -0.34171253 0.13686511 0.075476326 0.85883385 -1.5415605 0.33024696 1.5002482 0.4315622 -0.4025182 0.8039119 -0.7278634 -0.7359086 1.7369953 -1.1548859 0.3342537 0.36835903 0.8758564 -0.04665456 0.14824755 0.68755925 0.014393451 -0.66795725 -0.98350513 1.2207162 1.698207 0.26081225 -2.143391 -0.16352674 -0.43329382 0.21879454 -0.74993473 1.1409031 0.6840117 1.6620317 0.83875924 1.0373478 0.13861224 1.1331325 -0.2430513 0.06592856 -0.41349593 0.5426103 0.96763605 -0.35207987 -0.08890195 0.6734239 -1.9174117 -0.75615406 -0.3778907 0.8451679 0.8094754 0.62577116 0.30978233 -0.25632834 0.63757855 -0.274334 -0.08400528 -0.6182485 -0.1500719 -0.6794019 -1.0395998 0.98175806 -0.027630191 -0.019453503 -0.77988523 -0.9526206 -0.017685108 0.58802646 0.5524409,41,9
-0.662829 1.6407206 0.060289416 -0.47410357 -1.887358 -1.2115725 0.57584155 0.6126405 -0.9302691 -0.53431875 -0.65663207 -1.6546739 0.20431302 1.4519058 1.211182 -0.44211754 1.8794086 2.387862 0.31536934 -1.0251027 -0.3234058 1.010012 0.78615975 -0.36895683 2.2834022 -0.14964707 -1.2477367 1.410722 -0.5648194 0.74739 -0.046582483 0.24959444 0.6774579 0.10623447 1.245781 0.08739254 -0.68099844 -0.6742745 -0.8670642 -0.8655325 -1.429729 -0.71635604 -0.06800935 -0.11798308 -0.97195315 0.27985436 -0.51900864 0.81311375 -0.59386384 -2.1299505 0.005499443 -1.1514664 0.05826838 -1.611871 -0.39521584 1.3106667 0.4264365 1.9692111 -0.08766858 -0.36398885 1.7749646 -0.22581622 -0.119491234 -1.5881919 0.25784153 -0.29758993 -1.3797863 1.2536739 0.055729467 -1.0951928 0.7694657 0.47980195 -0.4587164 -0.121400036 0.51038384 0.17071739 1.6179811,42,6
-0.03762213 -0.6471479 -0.52192545 -1.937811 0.8948857 -0.94325644 -0.15418498 -0.5331721 -1.4462965 -1.1209859 0.40721685 -0.3540889 0.51585436 0.20329289 0.21138264 -0.51915044 0.030161513 0.08378386 0.55763876 -0.08461044 0.7644323 1.2174299 -0.25893867 -0.7380073 -0.08824329 -1.1600721 0.93659115 0.35190254 -1.4584024 0.39711964 0.8429026 0.0052895746 0.35279578 -1.1001844 0.97655666 0.7549156 -0.38456947 0.7106237 -1.9606951 -0.7931667 -1.2077643 -1.7330296 0.12110624 -1.190625 -0.4465348 -1.4663075 -0.7511581 1.2673824 0.43374622 0.9126388 0.97489715 0.703508 0.68868566 -0.5042721 -0.39092073 0.4794781 -0.55109805 1.4477686 -1.4952197 1.3642778 0.20334987 1.2051316 -0.024521336 1.3400893 1.0524979 0.21228018 -0.26098463 1.1950234 0.98679674 1.4097359 0.28936374 0.2428776 -0.03739199 -0.030522319 -0.50663453 0.9746021 0.86104214,43,6
-0.6128977 -1.734585 0.59254646 0.12611248 0.98511565 1.4255658 -1.2144537 0.4823399 1.1922363 -1.4593207 -0.42570645 1.4091804 2.3570218 -0.048395008 -0.07009985 1.043336 2.1722825 1.063406 -1.0644174 -1.0847812 1.4023606 -0.12109694 0.26489013 0.9210133 0.13512212 2.7931857 -0.48212826 0.16302073 -0.029453525 1.7572079 -0.06316474 -2.6055198 0.7504122 -1.7250416 -0.9571233 -0.60633355 -0.6594633 1.2532105 0.10175779 0.54682255 -0.7739892 0.34329304 -0.5100007 -0.6318549 -0.77336615 -0.5575655 1.3606858 2.0369873 -1.3979229 2.2624805 0.95048004 -0.022986406 -0.7997733 -0.15750347 -0.46377108 1.1141698 -0.704321 -0.9061346 -1.8000354 -0.87154347 -0.383603 -1.153133 -0.62177205 1.3858914 0.40390253 -2.4023476 0.8432473 1.5264148 0.17175734 -2.737894 -0.12840475 1.7988707 -0.26464644 -0.48165038 -0.6197574 -0.3129552 0.72858685,44,0
-0.09996725 0.23967949 -0.6415644 -0.15261622 0.59906644 0.5894375 -1.3544934 0.5960297 1.3620058 2.3841467 -0.018405866 -2.2388377 1.1300175 -0.017803688 -0.6586436 -1.9046551 0.9582884 -1.3900487 0.84696245 0.031449016 2.1626906 0.04712553 -1.8889053 0.5785425 -0.11889812 0.76304704 1.0952904 1.5103048 -0.45264983 -0.68250823 0.01656648 -0.21878383 0.19136538 -1.1987652 0.883292 -2.0844288 -1.2578077 -1.3592827 -0.27669156 -0.3686317 0.4507121 -0.9700325 -2.3547873 1.0041857 0.36647683 -0.050387267 0.5666257 -0.09664488 0.25030336 -0.8047838 -2.3910487 0.57801855 0.19530718 1.7447569 -0.65155506 -2.4323895 0.7043234 -0.00298911 0.2859703 0.49745256 -0.70858854 0.8418862 0.2532204 -0.8035473 -0.84089524 -0.25532946 0.5621471 -0.3521668 0.0975443 -0.33052564 0.21353994 0.66742325 -0.14127056 0.48291886 -2.5396035 -0.45863682 0.005490021,45,1
2.7215812 -0.09995307 0.066641115 -0.1418487 0.07467447 -0.27911824 0.93977845 0.36880714 -1.8423715 -0.7992201 0.26771158 0.64088535 1.3998402 0.10213546 0.321288 0.27987725 -0.84786177 0.9761049 0.2157165 1.1839813 0.6312141 -1.3599232 0.6115542 1.7654815 2.3696342 0.09041081 -0.9270381 0.997593 0.4617364 1.8218337 0.2992619 -1.2571265 1.3246988 -0.047801204 -0.019694433 -1.3846227 0.15068847 2.0583324 0.86900055 -0.029640645 -0.12848642 0.7446868 -0.7411502 0.7489717 1.2501583 -0.96751064 0.9054335 -1.1907622 0.47093123 0.18113874 2.5279064 0.17423965 0.05068952 -1.5555501 0.28427464 0.6899902 -1.2867781 1.4898939 0.0072515137 -2.1520581 -0.9822896 0.25461033 0.85159224 0.7612781 -0.14111504 -1.5144782 0.83193886 1.0978326 1.5081937 -0.490113 0.5937827 -0.3730174 -0.562444 0.0069564786 0.98548573 0.08696871 -0.65121716,46,3
-0.15985559 -1.2779431 -1.5687538 -0.9630263 -1.3710935 -0.17141898 0.29628703 -1.3448923 -0.3291018 -0.7183995 1.888551 0.028520854 -1.1901851 2.4975429 -0.1343561 -0.16550535 0.17009534 0.03470029 0.07040427 -0.64516103 1.2275523 1.1960189 0.6600507 -1.3704144 -0.36591437 -0.5544008 2.3440135 -0.36888212 -0.89034516 0.0030118292 -1.4215734 -0.5985333 -1.6173607 0.066381596 1.1852345 -0.33824652 -2.29661 -0.24086373 1.5822464 -0.07996666 0.5124841 -0.4267494 0.7402786 -0.3079559 0.24083437 -0.19520761 1.0141017 -0.28647873 -1.130134 0.33663204 -0.31900308 1.0525808 -0.03411572 0.96327674 -0.7213168 0.20007022 2.4565496 -1.6477906 -0.3391577 1.7746687 -1.98163 -0.03331806 0.15013362 0.23344463 -0.7671696 0.5459556 0.25777334 -1.5155414 0.32457638 -0.55002105 -0.58829856 -0.002576785 -1.0752375 -1.1189718 -1.444507 0.06389068 -1.3343086,47,7
0.5416912 0.6534125 2.1476133 0.26716614 -0.6509405 1.1012394 0.76094353 -0.42766106 -0.20512588 0.5006316 -1.2470373 1.5058268 0.17857571 -1.2218062 -1.1514498 0.17969668 0.8110991 1.627759 -0.034156106 1.3446568 0.03837297 -0.8896576 -0.85007685 -0.36668092 -0.17700075 0.034126546 -0.013690883 -0.51557565 1.335313 -1.047821 1.0157925 0.0497928 2.1643736 -0.8889154 -2.0676327 1.1540252 -0.5672247 0.3574445 -1.6357995 0.95230335 0.9002663 0.5106609 2.044095 0.014150629 1.2640086 -0.9026152 -0.64667195 2.0278466 -0.42441022 -0.12245689 1.7253045 -1.2306306 -0.2639223 0.67720956 -0.44075426 0.565274 -0.86700565 0.5296198 0.38863158 0.20340045 0.15945654 0.5828035 0.78563106 -0.9010828 1.1411552 -0.7385186 -0.76801383 -1.5665908 0.41314945 -0.8383976 0.45721763 0.05973395 0.30801964 1.5474447 0.18778351 0.5034792 -0.5832872,48,4
-0.013117297 0.104023844 -2.2431853 -1.6546141 0.4792627 -0.31605187 -1.0011322 -0.49930176 1.7707478 -1.7400422 -0.26818934 -0.055396676 -0.25593522 0.9174316 -1.7374777 -0.0068603177 -0.85226256 0.2182709 -0.2790511 1.6318797 0.021335568 0.78290683 -1.7644831 0.99077344 1.4606719 1.2099026 1.3833425 0.58529645 -0.012790052 -0.3714128 -0.31173423 1.3481499 -0.82115585 -1.5232763 -1.2507138 1.4699693 0.37792283 2.1602724 0.9271409 -0.2855359 -0.65237266 -1.0011313 1.2044022 0.7819535 1.0807208 0.9017384 0.9114242 -1.170935 -1.1619271 -0.8677553 -1.2109779 -1.264254 0.058223877 0.7197098 -0.934958 -0.0076600136 0.8830859 -0.16695462 2.223544 0.95862055 -0.089425385 -0.83505166 -0.8204241 -0.60189456 2.7652602 0.6487852 0.67127866 0.04546281 0.8786692 1.2879865 -1.7058808 -2.2499206 -0.17635535 0.69860816 1.2529724 0.42047212 0.8867467,49,2
-0.75312614 1.972209 1.3592577 0.28624478 -0.5967647 1.1481345 -0.34204674 -1.059415 -0.2530224 -0.7584471 0.23356766 0.031574197 1.3637594 -0.2974812 0.65076345 0.06827755 0.5177614 0.32143134 0.9322146 -0.68389493 0.5350706 0.111883156 -1.791464 -0.22226623 1.5480301 1.7219578 -1.1554245 0.53017306 -0.14644833 0.1900394 0.6849009 1.0772979 0.8567387 0.018773999 0.37303212 -0.13505517 0.28869003 0.37365222 0.27183926 0.856488 1.2976512 -0.7468949 -0.1614493 -1.1715628 -0.14949107 0.5532241 -2.3453097 1.2135171 -1.9678212 -0.42391893 -0.81826496 0.24952574 -0.0060372464 -0.80281055 -0.40041202 1.7180231 -0.6420381 0.58653283 0.54654104 -1.5728997 1.5573325 -1.2186456 -0.70262784 -0.05033779 0.9348112 -0.6181977 0.045946028 1.3270111 -2.2153804 -0.5653443 -0.949416 0.055235274 -0.70401543 -1.626955 -0.40187567 0.5498989 -0.7317649,50,1
0.35506785 2.1061943 0.3665149 0.35987115 2.3442955 -0.021256754 0.30355555 -0.5429794 0.56756026 1.5514717 0.51571834 -0.010845115 -2.0988863 0.7091781 0.23092143 0.04964744 -0.17943047 -1.1604027 0.51373285 -2.593954 -0.33200142 -0.16724783 -1.6281809 -1.1172647 1.9192171 0.5942768 -1.1359338 -1.1299009 -0.2836106 0.48520708 -0.8349226 0.7932798 1.7228111 -1.2127516 0.8920649 -1.060677 0.29841524 0.96699417 1.4224254 -1.2170576 -1.9420744 -0.8355074 -0.079150304 -0.37980902 -0.10732847 0.5343173 0.10031951 0.09556493 1.0747085 0.28278238 -0.52593666 0.235582 -0.42200246 0.17921041 0.29607242 1.0472646 -1.4774833 0.80107796 -0.34539387 0.01894862 -0.7553787 -1.2667682 -0.6882283 0.41718745 0.45900202 -1.5280465 -0.49602377 0.39260578 -0.2111827 -1.0023335 0.4084466 -0.46954212 1.0860351 2.259682 -1.4160836 -0.751623 -0.07444674,51,9
-1.4618679 -0.18309085 1.1663115 2.2672439 1.1846367 -0.45913306 0.50361925 -0.56987256 0.07054537 -0.82892656 -0.17989701 -0.50841683 1.2742981 0.6402723 -0.043393273 -1.3065747 -1.6093713 0.33384252 1.9901426 -0.6595867 0.40401873 -0.6386156 0.101798326 -2.197566 0.20700587 -0.7861936 -0.043874025 -0.29444632 0.44077504 -0.7079171 0.98501223 -0.97868544 1.0003482 -0.91465306 -0.44508564 -1.0211934 -0.40550184 0.59406626 0.45896292 -0.46477497 0.19856338 0.70729995 0.9180454 -0.22895965 1.8746265 0.5150713 -0.98104745 0.499932 1.7016648 0.94626105 -0.3680171 -1.3518622 -0.9030226 -1.0547622 -0.8777773 0.08595899 0.15486069 -1.1048666 0.54261374 -1.4757088 -0.33812344 -0.017021826 0.39395455 -0.5250604 -2.1607883 0.9034688 0.75110185 -0.20899642 0.6509698 0.10691464 -0.6377355 -1.4749377 -0.3768502 -0.9264937 -0.9594534 -0.77965236 0.1766786,52,7
-1.0764126 3.1904523 0.7178563 -0.63259214 -0.83007777 -1.6177598 -0.23505455 0.29651445 -0.5082976 -0.003761684 -0.13018784 -1.4683236 -0.49043348 -0.7878985 1.5016959 1.5938293 0.59728533 -0.40060148 -0.50760573 1.0415056 0.45415702 -0.09915578 -0.30905056 0.45244083 -0.37882954 1.3510602 1.3653126 -0.48054534 -0.30554402 -0.8835228 0.017358843 0.30192244 -0.09692224 0.11677037 0.008541961 0.13071096 -0.0041722 -0.11040824 -0.37472653 -1.146004 -1.0469488 -0.19190077 0.84199595 -0.72203207 0.43272752 -0.5258048 -0.7250065 -1.4463434 -0.14161102 1.0002599 0.77859205 -1.4213527 1.1034765 -0.8968218 0.62426156 0.8862596 1.1186727 -0.9144261 0.18894657 -1.0941281 0.10570152 1.8399194 0.25900996 -0.54320234 2.0503612 -0.24787077 -1.0476272 1.6598436 0.9868496 -0.86189085 0.8803172 0.9694616 0.4728295 0.3057818 -1.5125908 0.19111928 -1.1672963,53,7
0.6402797 2.2996294 0.5704292 -1.1753743 0.2870849 -2.2714782 -0.59597605 -0.9155938 -0.1270182 -0.021576364 -0.29272133 1.5545062 0.48826468 -0.8342727 -1.2977387 -1.3370651 0.10025352 0.20396069 0.5716435 -0.78604025 -1.4917973 -0.087680526 0.21265781 2.1624806 -0.59133685 -0.39728087 0.08322147 0.10716176 -1.8042037 0.83239233 1.0703244 -0.8674571 -0.36566585 0.18491024 -1.0834407 0.02836068 -1.681927 0.46009976 -0.46963558 1.5253298 -1.7145699 0.001753691 -0.9076145 -0.60824656 1.3694037 0.9506926 -1.5205064 2.0760527 0.8642285 -0.57125366 -1.954937 0.7577616 -0.33917114 1.5923809 0.94614357 -0.22923927 -0.9831077 -1.1265651 0.98693377 -0.39892557 -0.7347528 -0.21213114 -1.5211948 -1.1494552 -1.0222065 1.3382279 -1.1922686 0.81056446 1.2651415 0.22251324 -0.096103765 0.80647844 -0.69583195 0.43442148 -2.4212546 -0.78501827 -0.40241024,54,9
-0.2797402 0.4699698 0.64218813 -1.19532 0.20751145 -0.06824937 0.8341154 -0.3321734 0.36037818 0.9990952 0.05784377 -1.0556663 0.44202772 0.07019835 1.6147932 -0.73911977 0.47836292 1.3052284 -0.51403385 -1.7941378 -1.430266 -1.4905571 -0.47853088 0.6185318 -0.20973264 -0.15883215 0.48779324 0.29149482 -1.2585771 -0.12079695 0.16977613 -1.206017 0.68060976 0.1344887 1.0996513 -2.291598 0.41767243 -1.6393136 -0.47069526 1.0020334 0.09169312 0.70378447 -1.1508645 0.54576015 -1.0761187 0.5192888 -0.6437119 -0.310481 1.0994409 -0.14920162 1.479796 1.3573346 -0.0062542344 1.4703014 -0.61906844 1.1862465 -0.33265975 0.2435359 0.28010693 0.6465484 -0.71582043 1.509849 -0.24629359 -1.7801584 0.478509 -0.37164772 0.66823256 -1.881924 -0.17324843 0.7092078 -1.3262419 1.1478567 0.32889694 1.3612504 -0.0680734 -1.8034042 0.59377325,55,5
0.480141 -0.1699685 1.7460461 0.2650251 0.71099085 -1.9939203 1.1116809 0.17892653 -0.24117652 0.6665054 1.0950041 1.2893926 -0.066833444 0.7135113 -0.87427497 0.15694171 -0.91851324 0.26204085 -1.4899929 -1.0211952 1.1698447 -0.030398289 0.33547118 -2.3387096 -0.49154538 -0.11043678 -0.23933569 -1.1797173 -0.19553709 -0.57592636 1.0273823 -1.2667923 -0.20183474 0.9062037 -1.5179961 -0.012102302 -0.39439893 0.6900678 -0.6581521 0.26165003 -1.404453 -1.1600319 0.8518781 0.14861774 1.030645 -0.4001709 1.6116991 1.2090139 -0.36692336 0.8297956 0.23177828 0.032267824 -0.05205464 0.83840513 0.8022937 0.063995965 0.31385228 1.4926538 -1.1422046 -0.9096506 0.04242156 0.8387076 0.2009093 -0.34111297 0.5838377 -0.4280026 0.07434417 -0.1914205 0.36685356 -0.5479821 0.06324025 0.5489129 0.356582 0.95946383 0.9903938 -0.9131273 -0.7861832,56,9
-0.7545345 0.67279184 0.12205516 1.5189453 -0.17843921 0.23440552 0.97764814 -1.2462136 0.5826211 0.9276663 1.042377 -0.94987804 -2.0378776 -0.45110404 -0.12622368 -1.5738645 -0.10427016 -1.7674623 -0.32700858 -2.23006 -0.64222574 0.998319 1.075327 0.58121216 2.1363761 0.58356094 -1.3426903 0.9018501 -0.09736996 -0.055353254 1.1849204 -1.3271241 -0.057215918 -0.29946765 -0.47582775 0.7925081 0.66098815 -1.1804016 -0.94010144 0.11018969 1.1058724 -0.7245298 -0.1514134 -1.035134 0.32396775 -0.54459506 0.42074728 -1.0018512 -1.2587087 -1.1797347 -0.6729227 0.33680862 0.8544638 1.2108663 -0.6863778 0.13779145 -1.028209 -0.9599577 0.6226691 0.35577327 0.059043735 -0.1918163 1.1168658 -0.2555838 -2.2325747 -0.7168859 -0.677569 -0.50746894 -1.4889532 -0.3625959 -0.05305952 2.01845 -1.0393305 0.45201707 1.5865257 1.4804788 -0.93565637,57,8
-2.0548048 -2.5013964 1.5260683 -1.7339176 -1.5371308 1.8466418 0.06135556 0.02922347 -0.22705367 0.21119614 1.7682979 0.5225284 0.56798625 -0.52604645 1.1404142 1.3187551 -1.0460323 0.35887736 -0.76714176 -1.4313666 -0.46390927 0.6332768 -0.14250888 0.21757787 1.510469 -0.848995 -0.42038745 0.813152 0.455699 0.5489129 -0.046139427 -0.40888882 -1.46594 0.29893437 -0.039578896 0.57033837 -1.4263808 0.024410624 0.31839246 1.6984599 -0.6273555 0.5054093 -0.6832499 0.5885873 0.33366108 1.6879004 1.0174232 2.2286642 0.43001723 0.32426324 -0.10453693 -0.99418646 -1.8728578 0.18439555 -0.61663413 -1.8194424 0.03135519 0.22544257 -1.852521 -0.07233859 0.38580397 -0.5803578 0.46171317 -0.9820978 0.9261356 -0.26620722 0.52247083 0.51444054 1.5552772 -0.3329908 0.13341685 1.6321794 0.7349864 0.32606205 0.048019823 -1.1649808 -1.260782,58,1
3.004238 -1.7568344 1.283729 -0.79252714 0.9771606 1.0901145 -1.5399371 -0.1351777 0.5554557 -0.5032731 -1.5212905 1.212162 -0.38135138 -0.5655908 0.2377606 0.3749267 -0.006036608 -0.5536969 0.19156201 -0.44906098 0.27169275 0.030769588 -1.5925848 -0.017926088 -1.1886314 0.45418856 0.6075555 0.04264686 0.614378 0.3791152 -0.5901835 0.4693481 0.6108534 0.38723853 1.4595616 0.7944722 1.113487 -1.352774 1.54236 -1.0940417 1.5049261 -0.12292624 -0.24654096 0.5825222 -1.2146562 1.0588119 0.07173315 0.39545962 -0.57145077 -0.48362866 1.2067785 -1.1503133 0.3590914 -0.29430932 0.32858783 0.67573005 1.5009385 -0.2997887 -0.2031759 0.31258518 -1.0846875 -0.1544253 -0.25605768 1.36382 1.115035 0.036691885 0.23233159 0.90384704 -0.26277047 -0.46167088 0.07356746 -0.012890806 -0.6527246 -1.4346498 -0.29072765 -0.5281724 0.586542,59,8
1.3594637 0.10711946 -0.34465623 1.057216 -0.7008892 0.93473715 -0.49960068 1.5653749 -0.08896887 0.5110728 0.7239006 0.4850608 0.118295476 1.3210875 1.4735674 -0.7938814 -1.4015775 -0.32634282 -0.66965365 0.9781558 -0.2394418 -1.7285798 -0.9745043 0.17383195 -1.3383293 0.86350447 0.24690148 -0.175187 0.03928745 -1.1007521 0.42715165 0.48691922 0.8236119 -0.70613986 2.1048048 -0.59109265 1.7514899 0.93595546 1.0854819 0.6622201 -0.62952125 -0.4705853 0.96291023 -0.6175768 -0.9396766 0.9253978 0.021016492 1.0842223 0.4018797 -0.91925716 0.9158509 2.0935726 -0.40291873 -0.85783523 -1.2812436 1.0994551 0.9419724 0.32280588 0.05613766 -1.4825099 0.78307474 -0.35179016 0.1264869 -0.51733035 0.09469184 -1.0199833 -1.105538 0.101733714 1.82666 1.336237 0.8849377 0.8397443 -1.0120026 1.2873559 0.498453 -1.3067241 0.05955463,60,7
-0.6445593 0.06588841 -0.5905634 0.27851304 0.97017616 0.78851205 -0.9661861 -0.6276471 -0.3285672 0.058535077 -0.93976617 -2.0934708 0.56678396 -0.12205472 0.5675553 -0.36869895 0.19864011 -1.8578463 0.9932035 -0.6288465 1.3694718 0.59022176 1.4367862 0.48439118 0.6458533 -2.2092433 0.45406604 0.5979024 -0.93950653 0.12123902 -1.2647644 -0.2219645 -1.5883039 -1.2148635 0.15971775 -0.25621387 -0.1971554 1.3443439 -0.2839313 0.29959252 0.68497974 0.766323 -2.1581907 -0.69161433 -0.33175215 -0.058200885 -0.85963464 -1.5474511 0.81714165 -0.40473527 -1.7319908 1.1473064 -0.27770045 -0.70183086 1.1058615 0.16679007 0.5781149 -0.9908942 -0.5433267 1.0800492 -0.852249 1.373416 -0.48679155 0.29196435 0.12083622 0.44507787 0.40635407 -0.53525126 0.20538007 0.25531036 1.3784403 -0.30742276 -0.09371801 1.7047455 -1.1781907 -0.3800204 -0.051149696,61,9
-0.30933073 1.1900007 0.8937859 0.8566075 -0.28851625 -0.5169556 -0.012027095 -0.326593 -0.6925318 1.3175545 -0.85638225 -0.5128674 -0.041637592 0.1856219 -1.0913707 -0.023102507 -0.38744146 -1.2109214 -0.45780078 0.94461656 0.37919798 0.20269077 -1.0465928 1.8666239 0.807343 0.13894656 1.0365962 -1.2420692 -1.3281549 0.99543095 -0.11771856 1.1806992 0.58737946 -1.9635077 1.4018621 1.1839689 2.9519093 -0.063262306 0.059179503 -0.86643857 0.1102175 -0.7837538 0.68840593 -0.8880184 0.7514348 -0.6885544 -1.2613008 0.55542207 1.0782138 -0.38678306 -0.19320682 0.74910724 0.3176061 0.24410973 1.2736726 -1.3377663 0.061429605 0.116850995 1.6073213 0.36758834 0.35190195 -0.89552563 -1.1830761 1.2181852 0.40683943 0.046209536 -0.55043054 -0.046160277 -0.103404745 -1.110334 0.90262777 -0.5338818 0.5825187 2.2466183 -0.82715863 0.240175 -0.101972796,62,7
0.24027386 0.23077577 1.6052157 1.1167759 0.10837722 -0.10562076 -0.54783666 0.53851944 0.14014478 -0.14475814 0.855459 0.7589593 -0.3430928 -0.11246415 -1.773887 1.1958185 0.087575294 -1.4572414 0.1477906 -0.37128466 0.14302284 -0.5714236 -1.6980554 -1.6686229 -0.5851568 -1.3012981 -0.11074695 0.41861954 -0.86415523 0.10705494 0.50845945 0.57713383 1.3103567 0.8937782 -0.2802151 -1.7329781 0.4111027 0.368191 1.2371151 -0.14353782 2.390582 0.90669173 0.246234 -1.065101 -0.11551239 0.47932592 -0.9206779 0.4447874 -0.39342985 0.89750177 -0.720445 -0.2613583 -0.354937 1.2805783 -0.30214635 0.86145526 -0.9783846 0.4272792 -0.18690524 2.3510718 0.994158 1.18794 -0.9582166 0.29995885 1.1475735 -0.151461 -0.15064839 -0.21058437 0.058210496 1.6211051 -0.70059294 0.49213448 -1.0970095 0.33418375 -1.69889 1.1188885 0.89261633,63,5
-0.554191 0.788388 0.28954265 0.3476975 0.7343019 1.0453502 0.72420305 0.5526677 0.5752429 0.24229042 0.31886545 -0.5309916 0.3137743 -1.3182757 -0.6507497 -0.50634897 0.63441414 0.44678122 0.55725074 0.03246981 0.54748803 0.33976236 -0.60483056 -1.7948724 0.37521252 -0.49552453 0.9705627 0.31811485 -0.06622642 -0.35450444 0.98796606 -1.2542917 -1.8429078 -1.0353639 -0.5552156 -0.48558927 0.9326221 0.6079938 -1.5717843 0.89425266 1.4302356 1.5340561 -1.6806593 -0.79595584 0.37258735 -0.52045125 0.46616456 -0.0493098 -1.1805806 0.2999987 -0.22841437 -0.9030633 -0.35470417 -0.88071615 0.5501951 -0.72850794 -1.5111231 -0.7886552 -0.21875043 -1.1995103 -2.6850595 1.8011724 1.1666908 0.3943811 -0.54365534 -1.8084551 -0.24118364 -0.74398273 0.99305856 0.09253646 -0.95862144 -0.812415 0.98631555 -2.3220751 1.1717691 -0.870286 -0.9469042,64,4
-0.011672175 -0.8737483 2.1204326 -0.25563008 -1.4672804 -1.3078773 -2.6187203 -0.95625544 0.8952767 0.46096164 -0.04061374 -1.3942454 -0.04675106 -0.43015575 1.595161 -0.23807561 0.23377426 0.47099584 -0.65424824 1.1709658 1.8239745 1.3775426 -1.5214918 -0.20723458 -0.6524247 -0.32258707 1.2571385 1.7757411 -1.396474 0.18399578 0.21224882 1.5564296 1.3555564 -0.16534126 1.4221694 1.7562934 -1.113806 0.20715293 -0.19564399 -0.15229169 -1.1682384 -0.057189185 1.2044387 -0.17125347 0.0038459087 0.80375475 -0.7141541 -0.4147707 0.30159295 1.1777006 -0.026596902 0.2248161 0.25786817 -1.1380411 -0.10484933 -1.1340646 -0.54296964 -0.6880688 1.6229551 -1.0756472 -0.13182423 1.6583775 0.7820481 2.0866165 0.66394806 1.0347009 0.9039644 -0.7970564 -0.36130694 0.084753454 0.014424447 -0.49116075 2.4385352 0.2543984 0.43997595 -1.2550728 0.53928834,65,1
-0.8254581 -0.020029668 0.19521572 0.62275153 0.110237814 0.41361633 -0.73760927 -0.104198106 -0.41782972 0.5655144 0.16664803 0.1492601 -0.6437609 -0.16655655 1.0375825 -0.47106445 1.6812006 0.028188722 -0.24558286 -0.09759375 -0.9052599 1.1390806 1.4901601 -0.5247415 0.6178042 0.35855708 -0.3320034 0.11252787 0.06104997 0.46083948 0.55634534 -0.50831664 1.4715818 -0.09498182 0.17850848 0.41043139 -0.14181347 0.445578 -0.16615269 -1.0318677 -1.1759545 -0.41315624 1.2773095 -0.5031365 -0.36667114 1.3284209 0.066004984 -1.9857347 0.6881753 -1.9236022 -0.49524358 -0.2073655 -2.150829 0.010648284 0.02381707 -0.54150605 -1.4160726 -0.77890915 -0.9869259 -0.042177476 0.5561151 2.3021998 0.33156002 -1.2234529 0.7632932 0.63667744 0.4976303 1.8876878 -0.51266295 1.0531867 0.36277214 1.248531 -1.4807434 0.4452507 -0.69411564 -0.73431987 -0.74656355,66,4
-0.18119158 -0.55079025 -2.3616297 0.37688434 0.018541079 -1.2174841 -0.22508341 0.8083243 -0.579801 0.5799562 0.74500114 -0.5372684 1.2036679 -0.013437759 -2.2349026 -1.9058789 1.4597203 1.0515304 -0.10953204 -0.78451943 -0.6871886 -0.16367544 0.41208673 -0.6642122 0.36465046 -1.1968528 0.5960802 1.1284256 -0.10089609 0.35331723 -0.07349998 -0.7115533 0.5909941 -0.62800664 0.16371337 -0.119458884 0.43234923 -0.2482584 0.42233223 1.5171286 -1.5208464 -2.0348265 -0.15945703 0.6966407 0.5080711 0.83720815 -0.3968861 0.991314 0.6533611 -1.6813884 1.1947291 -0.6993641 0.82718635 -0.30595073 -1.210117 1.0084763 -0.03877651 -0.2827631 0.15247002 0.3416252 -1.5325266 0.16424364 0.05045885 -0.085682146 -0.76723427 -0.4796083 1.2769887 -0.9009818 -1.8107677 -1.3217336 1.2708176 1.0466442 2.1974018 0.38344538 0.6924405 0.117454514 0.39345956,67,5
0.17976768 -0.4983913 0.080580406 0.59364617 0.5712269 -2.6569448 0.50756043 -0.17965858 0.34409812 -1.7449859 0.8229082 -1.0292091 0.2755798 -1.057399 -0.8433726 0.88911873 0.21365325 -0.54751074 -1.1082237 0.68023425 0.014399357 0.3962697 -1.5449018 -0.22440983 0.20863007 0.8047616 0.65180963 -0.58311903 0.5110667 -1.2540636 0.9177066 0.41910228 -0.8433473 1.545591 0.53211313 0.16065675 -0.5940992 -0.92928696 -1.7543104 0.6121003 0.3854505 0.36625656 0.17943269 0.81842107 -1.6134577 1.2353115 -1.1876274 -0.50429046 0.7556672 -1.647151 -0.98344916 -0.6566765 2.114412 0.79485804 0.018960547 0.53413373 1.5851632 0.54392195 -0.6352454 -0.21164477 0.73714525 -0.24784143 1.1351213 -0.31050548 0.26101634 -0.96540225 -0.90164924 -0.5794406 -0.48121518 -0.19849774 -0.26105392 -0.21407782 0.6696686 0.18865864 -0.3780924 -0.75664645 1.6538179,68,8
-0.18810686 -0.30128598 1.2803996 0.67593557 0.71769696 1.4041011 -0.5962796 -0.46734092 -1.7177265 1.183976 0.18451051 -0.5002693 0.32044145 -1.4778572 0.365791 0.34957922 1.5697726 0.3489848 -0.6844438 0.4580537 0.6480871 0.8458981 1.1259547 -0.41068602 -0.7189183 -1.4392118 1.659977 -0.12577024 0.6288944 0.2877553 -1.2777287 -1.2757334 0.77097493 0.7648952 0.01636448 1.0581297 1.5315298 0.8759132 0.07906397 0.053328622 0.31721148 0.6298148 -2.3239775 -0.79185635 0.4074224 0.72621125 1.0307329 -2.5267498 -1.3460258 -0.13943529 -1.8803403 -0.11247724 0.3079292 -1.5992407 -0.32975537 0.20266709 -1.2200906 -0.29011115 -0.4100317 0.7446508 0.6915848 -0.05468298 -1.7820137 0.4901495 -0.24790907 -0.33132744 -0.6873104 1.7198051 1.8249524 -0.6646542 -1.2052331 0.46469453 -1.4892011 0.53780276 0.35747507 -1.1039277 -1.0694776,69,1
-1.5019493 -0.25167632 -0.876361 0.35126892 -0.7288767 1.228465 -0.40494642 0.66558814 -0.9006609 1.801503 1.3630171 -3.4566333 -0.05560121 1.5652784 0.21719937 0.5561507 0.34344515 0.18007675 -0.762704 1.4936521 -0.18564756 -2.3385937 0.14336461 0.5617465 -1.2601451 -0.89622843 0.22864535 0.11978144 -0.32521266 0.52880186 -0.26638764 0.47304875 0.05833989 -0.7136002 -0.12415694 -0.99494326 -2.308755 0.21584034 -0.528153 -0.3312657 -1.3255252 0.024808977 0.09489352 -0.57307655 0.0339964 0.23977618 -0.6983953 0.4861935 -0.58055806 -0.9746475 -0.5819478 0.27862504 0.5394435 -0.60934657 -0.8692471 1.2581184 -0.8805745 -0.88295263 -1.2249702 2.4004505 1.2602429 0.10487235 -0.89795065 -0.1669041 -0.6541456 -0.18222833 -0.16696873 -1.1363757 -0.59742707 0.43701887 0.3353506 0.4376495 0.28693694 -1.2370638 -0.96876824 -0.48496643 0.65547043,70,4
0.5540434 -0.63529503 0.27892804 -0.49299765 -0.1587255 -0.65196955 -0.31641302 -0.7715212 -0.18307298 1.2652341 0.6847067 -1.4417392 0.06832378 0.33188096 1.4768302 0.13861342 0.059378456 0.35390145 0.2204594 -0.76192755 0.116404 -1.1384159 0.7208496 0.17150444 0.3467002 0.2557362 0.49142832 1.1476954 0.41674733 -1.725257 -0.33058274 -0.3475852 -1.1479369 -1.3837103 0.9773675 -1.1990819 -1.8516784 1.4544314 -1.7232203 -1.0629928 -0.10347358 -1.9791989 0.016850833 -0.97866166 -2.0164862 0.011443184 0.08885775 -1.7196001 -0.96781397 0.71086365 -1.6082202 0.29560813 -0.16581757 0.56707466 0.7576629 1.9497477 1.6076777 0.34357482 -1.3029288 -1.6847318 -1.41784 1.2098632 -0.40037817 2.281876 -0.036186304 -0.37139687 -0.23498854 -2.522568 -0.29327708 1.3230299 0.8715914 -1.4378415 0.7734659 1.448893 -1.6847551 0.6914019 0.40261513,71,7
1.1623027 -1.6692122 0.8226177 1.7705427 0.81160593 -0.80240476 0.17881092 1.9141207 0.666856 -0.5232603 0.86110616 0.21013221 1.5025326 -0.41739354 0.1340763 1.1700256 -0.13514636 1.9747192 0.36805815 -0.3319613 -1.0409606 -0.23853432 1.1422956 1.1805075 1.2530642 0.42068613 0.097795695 0.994726 0.8030213 0.592191 0.09441043 -1.3043525 0.81341285 0.053406857 0.059394978 0.1393453 -0.49080577 -1.9862078 -0.22545864 0.89990205 0.6138071 -0.6181225 1.2062392 0.3442801 1.5882642 1.1582892 1.4260424 -0.407598 -0.84289795 -1.4535564 0.75973326 0.6797844 -0.6934821 0.8341844 0.63181645 0.19393304 -0.52505803 -0.7702846 -1.5102817 -0.38702446 0.120643206 0.49777246 -0.46420747 1.0782113 -0.6075084 0.116193056 0.048850477 -0.7204526 1.0061548 -0.6245873 -0.25617436 -0.91280663 0.6737279 0.76997125 -0.27164617 0.5455007 -1.3558093,72,4
-0.959776 -0.1533306 0.9796262 0.12552053 0.2337767 0.8465842 -0.70826113 1.3006171 -1.3425618 0.5224281 -0.43684667 -1.0064794 0.61421996 -1.1855797 0.008185324 -0.62122834 0.68848455 0.602151 -1.4207202 0.6727249 0.5228277 -0.21457139 0.2721181 -0.5297949 0.32218412 -2.8330936 -0.18521573 -0.694574 -0.72853374 0.5303747 -0.06087198 0.47646493 0.042061396 -0.46553472 -1.540888 -0.062225085 -0.83436036 0.60003424 0.6727992 -0.26513788 -0.3937017 -0.092683546 0.69075936 -0.37946376 -1.5805366 -0.7482936 -1.523188 2.4099753 -0.35871524 -0.1545527 -0.006200838 0.9339702 0.51693964 -0.42020664 1.406652 -1.3664422 2.023898 0.4842473 2.158139 1.5928844 1.3147613 -0.7929702 1.8352026 -0.16059433 -1.0701867 0.9908453 1.1622251 0.55782545 0.17176268 -2.5769067 -1.2337116 -1.0976402 -0.95874125 1.5143007 -0.7556735 -0.26901284 0.44271362,73,1
1.2661034 1.5683479 0.91762966 -1.2306079 -0.6090327 0.55451405 0.22774862 -0.20620164 -1.4184034 -1.0111421 -0.11989228 -0.7552524 -0.13519591 -0.01312252 -0.4065416 -0.9497465 0.15645213 1.1408277 0.62433535 -0.01613566 0.06394825 0.47053033 -0.94629884 -2.311699 -0.037482638 -1.2791481 1.1658953 -0.1996117 1.6908442 0.2510295 2.73301 0.8752967 -1.5530759 1.4894266 1.9023939 -0.043703258 -0.2654915 -1.5801034 -3.36352 0.5222518 1.0432712 1.035154 -0.122398764 0.35575897 -1.086766 0.5411491 0.09811848 1.8107083 -1.990917 0.9028594 -0.17445585 0.7917149 1.3186285 -0.5494564 -0.58758396 1.7282556 -1.2603565 -1.5380094 -0.8855328 0.03906031 1.6859845 0.23753688 -1.0305889 0.82454824 -0.5748718 -0.04953315 0.5455517 0.40747997 -0.7062314 -1.6456922 0.41277215 2.2410264 -1.1206595 -0.5128838 1.3512049 -0.411111 0.269104,74,1
-1.9213531 1.0256802 0.49526238 -0.010746239 -0.42994484 1.237881 1.0114199 2.0415883 1.3871765 1.934247 0.59018195 0.99149853 0.14519969 0.51628864 1.5420212 0.2455736 0.32885444 -1.219392 -0.57706356 1.2357072 0.9856114 -0.90528446 -0.057378963 -1.5613705 -1.0946274 1.1020571 -0.9540315 1.9069545 0.67735696 -0.09512652 -0.23322047 -0.38616467 -0.15201513 -1.6003653 -1.0852096 0.1201889 -0.27945954 -1.2950493 -1.4357989 0.9438989 -0.061322577 0.6600572 0.28194752 0.7107248 0.3316092 -1.1245805 -0.016513055 0.3120742 -0.18091045 -0.04315359 0.6970715 -0.47222736 0.12223748 0.49882177 0.12715678 2.3090408 0.61468273 -0.011239767 -0.5218009 0.3284265 -1.6222554 0.85854006 0.9871423 -1.6080614 -0.38841838 -0.14886023 0.5497866 -1.0198095 -0.6659986 1.2430261 2.4019074 1.4760065 1.5218263 -1.3092012 0.8585762 0.44522867 -0.1910598,75,2
