0,3972
1,3751
2,3090
3,1969
4,2592
5,3075
6,3843
7,3816
8,3838
9,3899
10,256
10,504
10,586
10,842
10,1593
10,1720
11,3514
12,2306
12,4186
13,403
13,469
13,546
13,653
13,746
13,1597
13,1947
13,2701
14,872
14,2194
14,2467
14,3069
15,3818
16,2730
17,3397
18,1625
19,3250
20,2685
20,4076
21,717
22,782
22,1779
22,3513
23,4175
24,2508
25,3145
26,2488
27,340
27,974
28,3484
29,2862
30,778
30,911
30,1780
31,1302
32,2675
33,94
33,109
34,2129
35,2405
36,409
36,3498
37,4101
38,1123
39,563
39,2107
39,2524
40,155
40,1362
40,1984
40,2029
40,2165
40,3715
41,2076
41,3534
42,3472
43,3123
44,133
45,3828
46,4086
47,2546
48,3708
48,4059
48,4218
48,4261
49,141
49,238
49,857
49,1200
49,1647
50,3860
51,3665
52,4082
53,3116
54,3635
55,1463
55,1959
55,2230
55,2632
55,2951
56,888
57,1844
58,213
58,463
58,3294
59,3439
59,3561
59,3874
59,3886
60,3654
61,3653
62,1521
63,2818
64,3927
65,2298
66,1329
67,3441
67,4158
68,3995
69,3517
70,3975
71,2033
71,2317
71,2517
71,3378
72,4057
73,3372
74,2133
74,3013
74,3045
75,3597
76,2260
77,956
78,14
78,515
78,836
79,897
79,1260
80,4249
80,4253
81,3022
82,369
82,789
82,1030
82,1960
83,1561
84,2139
85,3385
85,3930
86,2003
86,2381
86,2556
86,2928
87,4198
88,2100
89,1681
90,903
90,1060
90,1259
90,1301
90,4089
91,4
91,297
92,3928
93,3023
94,344
94,770
95,2446
96,3487
97,543
97,931
97,1379
97,1713
97,1741
98,2939
99,3511
100,1547
100,1861
101,865
101,1221
101,1710
101,1743
101,1880
101,2000
102,2887
103,487
103,501
103,754
103,1031
103,1211
103,1666
104,145
104,191
104,1361
104,1594
104,2190
104,2266
104,2332
104,2515
105,869
105,3515
106,589
106,1104
106,2097
106,2576
107,2092
108,3011
109,4048
110,3892
111,1059
112,1075
112,1135
112,1332
112,1457
112,2608
113,1869
113,3463
114,2008
115,739
116,2134
117,408
117,1091
117,1278
118,3696
119,3960
120,22
120,76
120,807
120,2669
121,4273
122,480
122,529
122,684
122,760
122,980
122,1494
122,1528
122,2249
123,1981
123,2397
123,3158
124,2437
125,443
126,2899
127,3729
128,4117
129,2953
130,3136
131,1424
131,2839
132,3872
133,2866
134,1071
135,4016
136,4270
137,287
138,3236
139,1808
139,2322
139,2440
139,2567
139,3319
139,3826
140,2162
141,1970
141,4182
142,3518
143,2964
144,682
145,4138
146,618
146,646
146,1727
147,1165
148,1054
148,1460
148,2612
149,485
149,499
149,765
149,1032
149,1656
149,1689
149,1979
149,2041
149,2353
149,2526
149,3298
149,3461
150,3393
151,17
151,61
151,131
151,309
151,1024
151,1434
151,1446
152,2182
152,2927
153,42
153,169
153,813
153,2461
153,3077
154,3967
155,889
156,1029
156,1235
157,1579
157,1953
158,3929
159,316
159,319
159,927
159,951
159,1603
160,4250
161,2915
162,2584
163,2879
164,3786
165,3969
166,4276
167,862
167,3079
168,3668
169,3565
170,2070
171,1726
171,4034
172,3387
173,513
173,527
173,544
173,1039
174,293
174,476
174,1198
175,2854
176,152
176,162
176,477
176,1697
176,2717
176,3506
177,3305
178,4208
179,1772
179,2715
180,4155
181,1357
181,1567
182,1736
182,2168
182,3287
182,3307
183,1018
183,3359
184,3332
185,2035
185,3204
186,3422
186,3562
186,3629
186,3875
187,2560
188,1908
188,3269
189,4058
190,237
191,2513
192,1387
192,1442
193,2063
193,2543
193,3411
193,3533
194,2768
195,370
195,2067
196,3732
197,3115
198,2845
198,3440
199,1682
199,2641
200,2554
200,3346
201,1751
202,552
202,565
202,785
202,832
202,1092
202,1100
202,1141
202,1490
202,1756
202,1877
203,3600
204,2858
205,1833
206,3867
207,2435
207,3327
207,3931
208,78
208,101
208,134
208,307
208,908
209,3762
210,966
210,1114
211,3809
212,218
212,379
212,449
213,275
213,759
213,766
213,1937
214,4248
215,2176
216,4262
217,4232
218,147
218,442
219,644
220,2711
221,3901
222,1519
223,4230
224,28
224,50
224,274
224,312
224,357
224,451
224,522
224,656
224,743
224,1728
225,2225
226,4064
227,3619
228,3309
229,386
229,714
229,1358
229,1704
229,1724
229,2707
230,1034
230,2357
231,854
231,1068
231,1090
231,1349
231,1778
232,2620
233,3191
234,2404
234,2593
235,670
235,732
235,968
235,1395
235,1617
235,1952
236,2131
237,668
237,718
237,1187
237,1841
237,1929
237,2275
238,1907
238,2698
238,3973
239,2128
240,2545
241,2203
241,3034
241,3039
242,3841
243,3478
244,3291
245,1777
245,2480
245,3750
246,2304
247,4239
248,2401
249,9
249,40
249,55
249,178
249,326
249,464
249,3174
250,1043
250,1105
250,1621
250,2922
251,112
252,4194
253,4008
253,4081
254,1118
255,1635
255,1915
256,707
256,806
256,838
256,856
256,1255
256,2361
257,1626
257,1910
258,890
258,1053
258,1518
259,75
260,4189
261,3785
262,177
262,315
262,337
262,467
263,3383
264,3676
265,2758
265,3423
266,3149
267,2666
268,4040
269,4118
270,4097
271,1244
271,1308
271,1784
271,2031
271,3716
272,4025
273,1730
274,3415
275,211
276,4243
277,2663
277,3391
277,3591
278,2510
279,3030
280,3839
281,1709
281,3823
281,4006
282,1243
282,1252
282,3557
283,3229
284,3049
285,1207
286,1174
287,1524
287,1963
288,2051
289,2088
290,3984
291,2930
292,2631
293,3703
294,107
295,673
296,1322
297,328
297,338
297,850
297,1149
297,1688
297,1943
297,2185
297,2328
298,3620
299,3712
300,1382
301,3706
301,4061
302,2032
302,2541
303,92
303,165
304,1734
305,1467
305,1558
306,1542
307,2243
308,1262
308,2492
308,2625
309,3756
310,2977
311,401
311,577
312,835
312,1466
312,1641
312,2835
313,1183
314,1913
315,1242
316,1148
316,1185
317,2284
318,2213
319,3300
320,3367
321,3245
322,242
323,2534
323,2741
324,2618
325,2652
325,3178
325,3183
325,3444
326,3572
327,3230
328,116
328,663
328,2921
328,3855
329,3486
330,3
330,56
330,84
330,85
330,102
330,961
330,1116
331,4045
332,2859
333,1887
334,2677
335,257
335,661
335,1150
335,2145
335,2212
335,3266
336,2760
337,2299
337,2368
338,3526
339,524
339,696
340,2852
340,3213
341,3053
342,3027
343,3882
344,500
345,590
345,692
345,729
345,788
345,815
345,877
345,899
345,905
345,1126
345,1310
345,1318
345,1453
345,1454
345,1690
345,1881
345,1925
345,2464
345,2550
346,450
347,1941
348,1130
348,2781
349,24
349,4031
350,3254
351,3755
352,3607
353,4164
354,3797
355,1560
356,2221
357,918
357,2509
358,3936
359,2189
360,2558
361,2413
361,3628
362,567
362,1540
362,1737
362,2588
363,3933
364,1328
364,3966
365,3613
365,3873
366,1797
366,3084
367,4145
368,3999
369,819
369,1000
369,1066
369,1279
369,1327
369,3110
370,2279
371,3226
371,4128
372,3989
373,407
373,873
373,1191
373,1954
373,2209
374,4120
375,3431
375,3432
376,3490
377,2552
377,2723
378,3527
379,1753
380,3577
381,2056
382,2822
383,2970
384,2856
385,3464
386,2690
387,3162
387,3421
388,3695
389,3325
390,29
391,3264
392,3965
393,2105
394,3062
395,2136
395,2239
396,4153
397,4021
398,355
398,942
398,3405
399,4277
400,624
400,2108
401,4242
402,3522
403,1900
404,4235
405,3781
406,2917
407,893
407,2178
407,2184
407,2312
407,2466
407,2976
407,3548
407,3993
408,1386
409,926
409,1179
409,1321
410,2533
410,2913
411,1023
411,2141
412,3745
413,2314
414,3616
415,2649
416,2450
417,167
417,1369
417,2528
417,3176
417,3382
417,4227
418,3239
419,3584
419,3971
420,2069
421,215
422,3810
423,3851
424,2099
425,3205
426,63
426,415
426,1348
426,2001
426,2360
426,3724
426,4255
427,125
427,621
427,1896
427,2158
428,3889
429,3898
430,1215
431,1408
431,2077
431,2836
432,3978
433,827
433,867
433,886
433,3010
434,3736
435,2949
436,88
436,320
436,382
436,609
436,639
436,777
436,879
436,940
436,1084
436,1450
437,635
437,1072
437,1273
437,1468
438,4181
439,916
439,1620
439,1665
439,1752
439,3454
439,3834
439,3948
439,4245
440,2898
441,2219
442,4212
442,4213
443,3017
444,470
445,722
445,1331
445,2048
446,3127
447,1631
447,2366
447,2691
447,3559
448,1231
448,3021
449,1006
449,2431
449,2814
449,3273
450,3811
451,283
451,3102
452,666
452,988
453,1220
454,3592
455,681
455,941
455,1074
455,1684
455,1905
455,1930
455,2694
455,3085
456,3042
457,1914
458,493
459,1003
459,1384
459,1802
460,3850
461,2416
461,3554
461,3568
462,601
462,2277
462,4033
463,2699
464,2817
464,3460
465,508
466,558
466,4000
467,156
468,197
468,1228
469,1392
469,1592
469,3256
469,3612
470,3037
471,54
471,118
472,970
472,1086
472,1855
472,2071
472,2486
473,2500
473,2926
474,140
474,391
475,135
475,394
475,981
475,2409
476,2742
477,3195
478,3718
479,952
479,3576
480,629
481,979
481,1493
481,3138
482,1173
482,1739
482,2285
482,3032
483,327
483,397
483,405
483,453
483,471
483,1295
483,1436
483,1895
483,2756
484,3061
485,3337
486,3310
487,2371
487,2581
488,2392
488,3923
489,3769
490,2843
491,456
492,2719
493,1761
493,1859
494,2288
495,1138
496,3112
497,2451
498,3674
499,245
499,425
499,1345
500,490
500,812
501,3302
501,3573
501,3941
502,79
503,1582
504,1769
504,3098
505,1416
506,2978
507,3646
508,695
508,845
508,971
508,1131
508,1615
508,1680
508,2251
508,3184
509,2988
510,573
511,65
511,221
511,380
511,640
511,921
511,3147
511,4178
512,2400
513,1843
513,2573
513,2838
514,3914
515,4157
516,2403
517,3420
518,3006
519,93
519,3317
520,3924
521,2713
522,1745
523,1650
523,3000
524,4224
525,2538
526,3427
527,2013
527,3189
528,4137
529,372
529,2002
529,2287
529,3295
530,3476
530,3505
530,4237
530,4274
531,3019
532,1574
533,136
533,267
533,539
533,964
533,1461
533,1531
533,1552
533,2169
534,3956
535,2945
536,1168
537,3525
538,3338
539,3717
539,3783
539,3997
540,2383
540,2629
541,1572
541,2805
542,1530
543,2495
544,4041
545,2940
546,4154
547,3594
548,2837
549,417
549,972
550,2820
550,3350
551,4207
552,103
552,127
552,158
552,462
552,650
553,4256
554,4108
555,2743
556,2931
557,4133
558,3968
559,4072
560,3537
561,277
561,1826
562,2994
563,2242
564,2633
565,3066
565,3403
566,1088
567,1237
567,1272
567,1299
567,1705
567,1901
567,2725
567,3089
568,2594
569,3267
570,1063
570,1399
571,3813
572,478
572,648
572,816
572,882
572,1254
572,1585
572,2908
572,3497
573,3829
574,3358
575,1248
576,3331
577,4094
578,3465
579,1686
579,1805
579,3528
580,3336
581,2907
582,3004
583,3949
584,489
585,2903
586,265
586,2806
586,3707
587,2739
588,1472
589,3610
590,805
590,947
590,1127
590,1421
590,2164
590,2530
590,2774
590,3068
590,3128
590,3814
591,99
591,1217
592,2489
593,3306
594,3547
594,3622
594,3807
594,3820
594,4124
595,235
595,377
595,418
595,735
595,998
595,1052
595,1852
595,3169
596,509
596,636
596,1754
597,3853
598,855
598,1093
598,1404
598,1430
599,616
599,721
600,288
600,559
600,768
600,1001
600,1281
600,1503
600,1927
600,2060
601,3282
602,3640
603,3974
604,2616
604,2628
605,2813
606,3008
606,3035
607,3815
608,1906
609,1865
610,3181
611,2658
612,1735
612,2074
613,3218
613,3480
613,3502
613,3808
614,1158
614,1486
615,2441
616,1568
617,209
618,2455
619,1715
620,3368
621,763
621,803
621,1375
621,3139
622,4083
623,3909
624,517
624,824
624,894
624,973
624,1448
624,1678
624,2017
624,2468
625,995
626,1326
627,1296
628,870
628,1184
628,1232
628,1637
628,1903
628,2443
629,2248
630,3172
631,548
632,1980
633,345
633,387
633,910
634,538
635,3232
636,259
636,324
637,392
637,1473
637,1475
637,1488
637,4204
638,2316
638,3251
639,105
639,232
639,1633
639,3587
640,1537
640,1595
640,1788
640,1827
640,4126
641,3449
642,2539
643,353
643,422
644,679
645,1190
645,2751
646,4020
647,378
647,2982
647,3412
647,4214
648,928
648,2379
649,535
649,734
649,1577
649,1856
649,3078
650,2228
651,1837
651,3589
652,2595
652,3106
653,3278
654,203
654,204
654,207
654,2689
654,4029
655,110
655,153
655,349
655,441
655,2761
655,3279
655,3702
655,4177
656,1026
656,1033
656,1712
657,3255
658,3166
658,3237
659,3485
659,3675
659,3678
660,2034
661,1372
661,1400
661,1849
661,3040
662,4092
663,3849
664,2456
665,3952
666,1304
666,2537
667,484
668,2462
669,2349
669,2591
670,3935
671,2378
671,2705
671,3092
672,3881
673,2732
674,1811
675,2073
676,599
676,859
676,2579
677,2111
678,3954
679,1069
680,1
680,11
680,12
680,157
680,176
680,1103
680,2046
681,685
682,1836
683,3940
684,2772
685,4067
685,4156
686,3220
687,1134
687,2217
687,2886
688,1571
689,2210
689,2445
690,547
690,1313
690,1431
691,2460
692,1982
693,2714
694,4127
695,686
695,3959
696,1746
696,1813
697,44
697,381
697,671
697,802
697,2281
698,2880
698,3096
698,3233
699,1038
699,1991
699,2012
699,2424
699,2744
699,3119
699,3649
700,3067
700,3073
700,3083
700,3312
700,3546
700,3981
701,3907
702,180
702,322
702,482
702,2200
702,2684
702,2765
702,2848
702,3862
703,2325
704,4046
705,3970
706,2201
707,3865
708,3627
709,4102
710,3155
711,3642
711,4087
712,1722
713,1347
714,2830
715,3687
716,3293
717,704
717,1162
717,2119
717,3868
718,3920
719,691
719,702
719,946
719,1012
719,1455
719,2344
719,2459
719,3171
720,1902
720,2773
721,4219
722,2923
723,3833
724,3418
725,421
726,3720
727,3268
728,494
729,1830
729,2959
730,86
730,175
731,148
732,3252
733,880
733,1534
733,2015
734,3569
735,3475
736,2262
736,2341
737,113
738,2444
739,3734
740,3741
741,1374
741,3238
742,1370
743,1314
743,1449
743,1909
743,3375
744,3748
745,1414
745,2527
746,944
746,1192
747,3140
748,2254
749,3157
750,3285
751,1587
752,4119
753,1816
754,2665
754,3844
755,1250
755,1853
756,1160
756,1885
756,2183
756,2406
757,3623
758,3657
759,2193
760,416
760,1122
760,1520
760,1664
760,1711
760,1781
760,2335
760,2746
761,1233
762,3787
762,3801
763,1167
763,3436
764,1437
764,1800
765,2082
765,2960
765,3524
766,41
766,122
766,138
767,2338
768,3710
769,4144
770,3503
771,3134
772,3682
773,4070
774,444
775,4267
776,3847
777,3222
778,1137
778,1341
778,2118
778,3326
779,2453
780,2630
780,3656
781,2861
782,4222
783,3780
784,1067
785,4005
786,4252
787,797
787,983
788,1771
789,0
789,21
789,250
789,253
789,536
789,2227
789,3159
790,3247
790,3760
790,3765
791,3895
792,2748
792,2911
793,3664
794,2506
795,2585
795,2788
796,2969
797,1492
798,1613
798,2096
798,2310
798,2657
799,83
799,2326
799,3666
800,2493
801,2311
801,2384
801,2504
801,2996
801,3005
801,3553
801,3639
802,4193
803,200
803,483
803,840
804,3333
805,201
805,206
805,945
805,948
805,1573
805,1838
805,2358
806,2363
807,2040
808,866
808,895
808,2113
809,3435
810,3846
811,3036
812,4173
813,3658
814,2138
815,3249
815,3937
816,38
816,2061
817,2350
818,932
818,1544
819,3888
819,4001
820,2686
821,4011
822,4165
823,231
823,333
823,346
823,1439
824,2957
824,3071
825,1614
826,1397
826,2896
826,4109
827,3605
828,2816
829,2881
830,3593
831,1500
831,1974
831,1983
831,2036
832,2244
833,4167
834,1462
834,2198
834,2635
834,3043
834,3065
834,3932
835,3343
836,864
836,913
836,1115
836,2540
836,3492
837,825
837,2231
837,2971
837,3880
838,2823
838,3103
838,4187
838,4263
839,3313
840,3519
841,290
841,569
841,620
841,634
841,750
841,1265
841,1616
841,2156
842,662
842,2388
842,3074
843,2596
844,1527
845,362
845,511
845,540
845,2580
846,4134
846,4215
847,1344
847,2367
847,3274
848,1186
848,2103
848,3113
849,1360
849,2089
850,683
850,800
850,1065
850,1172
850,1405
851,3262
852,2863
853,1545
853,2884
854,3906
855,3758
856,3445
857,3836
858,2192
859,2807
860,1199
861,2204
861,2789
861,3361
861,4162
862,1768
863,1950
863,2345
863,2695
863,3265
864,1624
864,1934
864,3921
865,3990
866,1804
867,3775
868,3536
869,1238
870,4044
871,120
872,3362
873,1381
874,1763
875,4110
876,2943
877,4142
878,3170
879,3322
880,1181
880,3725
881,3680
882,1864
883,486
883,943
883,1876
884,756
884,994
884,2619
885,3283
885,4136
886,2321
887,2010
888,1886
888,2181
889,2313
890,3058
891,2561
892,3583
892,3733
893,3495
894,3347
895,4264
896,2354
897,2005
898,2257
899,2796
900,2883
901,3723
902,3466
903,917
903,1147
903,1676
903,2569
904,1945
905,776
905,963
906,3357
907,1364
908,1132
909,1653
909,1940
909,2025
910,2173
911,1718
911,2235
911,3047
912,2575
913,437
913,885
913,1111
913,2688
914,117
914,149
914,303
914,452
915,2268
915,2802
915,3001
916,411
917,861
917,960
918,4075
918,4233
919,705
919,937
919,1487
919,1504
919,1611
920,3912
921,699
921,1194
921,1670
921,2412
922,2359
923,185
923,269
923,542
923,791
923,975
923,1080
923,1655
923,1668
923,2259
923,2946
924,996
924,3292
925,3216
926,1005
926,1701
927,2469
928,2389
929,2188
930,3201
930,3330
930,3728
931,3016
931,4205
932,907
932,1171
932,1619
932,1786
932,2014
932,3179
933,2470
934,2587
935,2709
936,1918
936,2115
937,4140
938,726
938,2624
938,3446
939,1939
940,1731
941,3301
942,3540
942,3634
942,3877
943,2238
944,1433
945,779
945,1253
946,1073
946,2965
946,3915
947,1407
948,1057
948,1120
948,1483
948,1600
948,1627
949,1011
950,3544
951,2577
952,1048
952,1099
952,3963
953,1058
953,3029
954,1798
954,2054
954,2091
955,2233
956,3379
956,3434
957,3779
958,884
958,1638
958,2916
958,3545
958,4050
959,34
959,310
959,516
959,990
959,1438
960,306
960,1269
960,1289
960,1879
960,2644
961,1401
962,745
962,1662
962,1995
962,2759
962,2782
963,1583
964,1994
965,183
965,321
965,364
965,549
965,904
965,1129
965,1443
965,1591
965,2159
966,3194
967,602
967,1340
968,305
968,495
968,1108
968,1300
969,3667
970,688
970,1223
970,1878
971,1986
972,1719
972,2771
973,2825
974,1505
975,4225
976,2961
976,3234
976,3297
976,3845
977,1774
977,1997
977,3493
978,1013
978,1481
978,2987
979,3754
980,454
980,811
980,1325
980,1470
980,2283
980,2483
980,3143
981,2578
982,3108
983,914
983,1498
983,2549
983,3825
984,3425
985,2729
985,2847
986,2555
986,2841
986,4265
987,1758
987,2057
988,834
988,1102
988,1403
988,2282
988,2364
989,188
989,210
989,402
989,592
989,675
989,1210
990,3394
991,3961
992,373
992,571
992,1988
992,2038
993,676
993,703
993,1532
994,1870
994,2214
995,59
995,69
995,70
995,608
995,1393
995,1636
995,3316
996,3684
996,4051
997,2572
998,881
998,2610
999,2737
1000,3203
1000,3689
1001,1968
1001,2291
1001,2562
1002,146
1002,334
1002,1497
1002,2220
1003,2660
1004,4174
1005,2853
1006,90
1006,262
1006,593
1006,784
1006,1394
1006,1599
1006,2473
1007,3259
1008,2990
1009,3389
1009,3761
1010,2974
1011,420
1011,818
1011,1948
1011,2301
1011,2640
1012,1818
1013,530
1013,798
1013,962
1013,1674
1014,2081
1014,2525
1015,1385
1016,2112
1017,1793
1018,3871
1019,1464
1019,2981
1019,3208
1020,114
1020,212
1020,531
1020,2516
1021,1213
1021,1829
1021,2696
1021,3024
1022,3992
1023,82
1023,433
1023,626
1023,1249
1024,4084
1025,2206
1026,3792
1027,1197
1027,2659
1028,697
1029,4022
1030,876
1031,3459
1032,2803
1033,3241
1034,1161
1034,2906
1035,33
1035,202
1035,2237
1035,4038
1036,1051
1037,4259
1038,561
1039,2778
1040,2623
1041,631
1041,2125
1042,2497
1043,216
1043,342
1043,2611
1044,1990
1045,3542
1046,1936
1047,2849
1048,7
1048,15
1048,712
1048,1206
1049,3951
1050,198
1050,2529
1050,3141
1051,2375
1052,3507
1053,502
1053,1276
1053,1291
1053,1628
1053,1661
1054,3744
1055,2891
1055,3470
1056,2267
1056,2938
1057,2498
1057,3585
1058,1062
1058,1961
1059,4228
1060,1007
1060,2106
1060,2622
1060,4139
1061,2458
1062,2868
1063,1973
1064,2454
1065,1153
1065,1376
1066,3529
1067,49
1067,179
1067,366
1067,4078
1067,4149
1068,4096
1069,1402
1070,1815
1071,2319
1072,3991
1073,3398
1074,1559
1075,1216
1075,2664
1075,2846
1076,2735
1076,2958
1077,3531
1077,3950
1078,796
1079,2877
1080,3468
1081,793
1081,2294
1082,2224
1082,2522
1082,3288
1083,3998
1084,3227
1085,3604
1086,3977
1087,2869
1088,341
1088,821
1088,2395
1089,2432
1090,2098
1090,3028
1091,4107
1092,625
1092,982
1092,1958
1092,2770
1093,3020
1094,3031
1095,1139
1096,3731
1096,4131
1096,4132
1097,2754
1098,4148
1099,1085
1099,1175
1099,1294
1099,1733
1100,2963
1101,4203
1102,1367
1102,1893
1103,2984
1104,111
1104,295
1104,680
1104,1658
1104,2202
1104,2918
1104,2985
1104,3618
1104,3727
1105,2309
1106,2512
1106,3885
1107,1605
1107,2693
1107,3132
1107,3408
1108,786
1109,554
1110,1677
1110,3458
1111,747
1111,2484
1112,3104
1113,3496
1114,440
1114,1667
1114,2117
1115,678
1116,3985
1117,1529
1118,4246
1119,354
1119,356
1120,693
1120,3187
1120,3719
1121,1285
1121,2104
1122,66
1122,837
1122,1113
1122,1992
1122,2101
1123,1277
1123,1977
1123,2154
1124,1241
1124,1316
1124,1834
1124,1898
1124,2767
1124,3163
1124,3275
1124,3355
1124,3448
1124,3590
1124,4146
1124,4251
1125,1845
1125,3335
1126,2177
1127,3945
1128,2439
1129,3793
1130,2871
1131,3133
1132,1507
1132,1791
1132,3705
1132,3777
1133,1337
1134,3177
1134,3303
1134,4169
1135,564
1136,208
1136,1261
1137,1236
1137,1723
1137,2062
1137,2157
1137,3550
1138,4247
1139,2544
1140,1747
1141,2912
1142,2901
1143,3739
1144,3558
1145,4065
1145,4068
1146,3894
1147,1526
1147,2094
1148,497
1149,2674
1150,53
1150,106
1150,108
1150,199
1150,580
1150,3381
1151,2211
1152,3609
1153,4054
1154,3738
1155,2302
1156,4223
1157,596
1157,1056
1157,2147
1157,3052
1157,3660
1158,3691
1158,3821
1159,2465
1159,2590
1159,2900
1160,1342
1160,1549
1160,1604
1160,1708
1160,1764
1160,1796
1160,1884
1160,2318
1160,2720
1161,1911
1162,3896
1163,3538
1164,1563
1164,1919
1165,3749
1166,278
1166,647
1167,1028
1168,578
1168,622
1168,1581
1168,1675
1168,2672
1169,1226
1169,1444
1169,2750
1170,128
1170,432
1170,709
1170,1588
1170,2127
1171,1495
1171,4012
1172,36
1173,233
1173,1036
1173,1888
1174,4240
1175,2553
1176,3626
1177,2777
1178,1824
1178,2149
1178,2329
1179,3453
1180,410
1180,1246
1180,1343
1180,2064
1180,2065
1181,3861
1182,3648
1182,4032
1183,3599
1184,1427
1184,2476
1184,2890
1185,1350
1186,1562
1187,2679
1188,1570
1189,2920
1190,2637
1191,2733
1192,3424
1193,3261
1194,4188
1195,1508
1196,4105
1197,4103
1198,2402
1198,3044
1199,2808
1200,3983
1201,4161
1202,3509
1203,154
1203,181
1203,1040
1203,1409
1203,1933
1203,2370
1204,4180
1205,291
1205,915
1205,1077
1205,3735
1206,2824
1207,431
1208,3799
1209,3858
1210,987
1210,991
1211,1222
1211,1479
1212,3144
1213,3396
1214,1303
1214,1775
1214,1882
1214,2229
1215,4211
1216,3107
1216,3210
1217,2738
1218,121
1218,170
1218,496
1218,512
1218,514
1218,525
1218,1070
1219,2687
1220,2086
1221,3831
1222,3788
1223,4197
1224,1180
1224,1630
1224,1732
1224,1989
1224,2234
1224,2779
1224,2909
1225,4244
1226,3308
1227,2084
1228,3354
1229,1188
1230,2933
1231,10
1231,39
1231,1499
1231,1565
1231,1716
1231,2028
1231,3417
1231,4088
1232,649
1232,736
1232,1133
1233,3943
1234,18
1234,32
1234,3070
1235,3611
1236,2673
1236,3603
1237,628
1238,1799
1239,2811
1240,2763
1240,2872
1241,4150
1242,4190
1243,3730
1244,4009
1245,1821
1245,3679
1246,1112
1247,48
1248,2548
1248,3842
1249,2559
1250,260
1250,638
1250,1417
1251,3477
1252,1740
1253,2589
1253,3197
1254,3803
1255,2396
1255,2762
1255,3009
1255,3535
1256,2039
1257,744
1257,924
1257,2042
1257,2636
1258,160
1258,455
1259,1055
1259,1923
1260,2410
1261,2434
1261,2617
1262,2120
1262,2784
1263,2948
1264,4049
1265,192
1265,2020
1266,3200
1267,3137
1268,731
1268,774
1268,1660
1268,2161
1268,2496
1269,3521
1270,3451
1271,1513
1272,368
1272,809
1272,1501
1272,2327
1273,35
1273,248
1273,426
1273,474
1273,587
1273,641
1273,701
1273,724
1273,2621
1274,3228
1275,2980
1276,2420
1276,2521
1277,2728
1277,3647
1278,60
1278,222
1278,268
1278,285
1278,318
1278,829
1278,1155
1278,1368
1278,1412
1278,1622
1278,1721
1278,2175
1278,2490
1278,2753
1278,3094
1278,3918
1279,2942
1280,2992
1281,2426
1282,1848
1283,3982
1284,4002
1285,3395
1286,1010
1287,171
1288,4168
1289,2226
1290,4114
1291,4238
1292,4030
1293,3192
1294,73
1294,1702
1294,2050
1294,3002
1295,4062
1296,2365
1297,3595
1298,3342
1299,868
1300,3910
1301,2195
1302,89
1302,1607
1302,3151
1303,4104
1304,2999
1304,4099
1305,3280
1306,3135
1307,3722
1308,3541
1309,2944
1310,37
1310,194
1310,317
1310,600
1310,610
1310,1612
1311,2937
1312,1874
1312,2704
1312,3401
1312,3523
1312,3630
1312,3637
1312,3946
1313,506
1313,1119
1313,1687
1314,2857
1315,993
1316,4202
1317,1972
1318,1651
1319,2966
1320,1182
1321,3082
1322,150
1322,1219
1322,1224
1322,2079
1322,2342
1323,30
1323,31
1323,45
1323,95
1323,96
1323,130
1323,164
1323,243
1323,466
1323,875
1323,1672
1323,1854
1323,1899
1324,4024
1325,674
1325,1159
1326,2436
1327,1035
1327,2352
1328,2874
1329,3018
1329,3095
1330,3209
1331,1679
1332,3329
1332,4039
1333,3290
1333,3900
1333,3911
1334,3663
1335,1862
1336,2356
1337,2135
1337,3740
1338,3499
1339,2207
1339,2438
1339,2892
1340,3698
1340,4098
1341,1693
1341,2196
1341,2582
1342,4091
1343,2024
1344,3614
1345,4159
1346,3596
1346,3683
1347,611
1347,1203
1347,2236
1348,583
1348,2066
1349,236
1349,251
1349,553
1349,566
1349,660
1349,1096
1350,3504
1351,2387
1351,3154
1352,1471
1353,3260
1354,2867
1355,2910
1355,3165
1355,3551
1356,2044
1356,2924
1357,2799
1358,292
1359,2551
1359,3324
1359,3625
1359,3771
1359,4069
1360,1703
1361,1555
1361,2865
1362,1305
1362,1618
1362,2601
1363,4135
1364,1311
1364,3087
1365,2764
1365,3564
1365,3574
1366,2004
1367,1440
1368,3988
1369,3304
1369,3437
1369,3644
1370,1286
1370,2245
1371,3015
1372,3038
1373,1700
1373,2415
1373,2574
1373,2586
1373,3054
1373,3081
1373,3360
1374,224
1374,1999
1374,2052
1374,3563
1375,2276
1376,3371
1377,339
1377,1694
1378,3296
1379,1610
1379,2186
1379,2809
1379,2993
1379,4151
1380,1413
1381,555
1381,1258
1381,1889
1382,551
1383,2109
1384,1892
1385,2021
1385,2627
1385,2819
1386,3955
1386,4201
1387,1548
1388,3419
1388,3452
1389,4236
1390,751
1391,1315
1392,2609
1392,2798
1392,3051
1392,3671
1393,2075
1393,2507
1393,2722
1393,2932
1393,3007
1394,2208
1395,2607
1396,3447
1396,3543
1397,77
1397,396
1397,1280
1397,2151
1398,2399
1398,2482
1399,43
1399,595
1399,1025
1399,1297
1399,1388
1399,3377
1400,475
1400,533
1400,603
1400,929
1400,1309
1400,2172
1401,3388
1402,3986
1403,828
1403,2160
1403,3399
1404,393
1404,887
1404,1140
1405,1872
1405,2724
1405,2952
1405,3579
1405,3884
1406,3721
1407,3100
1407,3349
1408,3795
1409,3737
1410,3916
1411,3617
1412,3450
1413,3341
1413,4071
1414,3791
1414,4231
1415,2417
1416,2340
1416,3258
1417,1359
1418,4229
1419,545
1420,4192
1421,3812
1422,3852
1423,358
1423,360
1423,399
1423,576
1423,1094
1424,2090
1425,1422
1426,3277
1427,4216
1428,3530
1429,6
1430,4217
1431,2791
1432,4073
1433,2258
1433,2264
1433,2511
1433,4035
1434,847
1434,1543
1434,1556
1434,1789
1434,1866
1434,2058
1434,2667
1434,3410
1435,1835
1435,1976
1435,4254
1436,1390
1436,2448
1437,196
1437,938
1437,1451
1438,3819
1439,4130
1440,3339
1441,2180
1441,2374
1441,3491
1442,2648
1443,1634
1443,2604
1444,2250
1445,1109
1445,1288
1445,1469
1445,1523
1445,2144
1446,3314
1447,1106
1447,1245
1447,1456
1447,1629
1448,2295
1449,1546
1450,1522
1451,3404
1451,4015
1452,3962
1453,3964
1454,4200
1455,2372
1455,3366
1455,4172
1456,2997
1456,3148
1456,3580
1456,3938
1456,4147
1457,1554
1457,2557
1458,1760
1458,3012
1459,1533
1459,2241
1459,3406
1460,2615
1461,1121
1461,2037
1462,3570
1463,2834
1463,3586
1463,3822
1464,3747
1465,225
1466,585
1466,612
1466,1089
1467,1218
1467,1415
1467,1657
1467,2708
1467,2904
1468,3033
1468,4090
1469,2936
1470,4036
1471,2523
1472,1027
1472,2418
1472,2700
1472,2736
1473,97
1473,537
1473,594
1473,658
1473,1002
1473,1019
1473,1101
1473,1136
1473,1691
1473,2265
1473,2472
1473,3164
1473,3384
1473,3443
1474,2563
1474,4266
1475,1569
1476,949
1476,969
1476,1157
1477,3156
1478,3759
1479,3903
1480,959
1481,4060
1482,3615
1483,2661
1484,3776
1485,1787
1486,1154
1487,2566
1488,3575
1488,3694
1489,1785
1489,2532
1489,3800
1490,2783
1491,711
1492,276
1493,930
1493,1609
1493,2875
1494,919
1494,3560
1495,4226
1496,3206
1497,1293
1498,3271
1499,2030
1500,3344
1500,4014
1501,4141
1502,957
1503,3763
1504,3870
1505,129
1505,1050
1505,1398
1505,1432
1505,1770
1506,4123
1507,159
1507,193
1507,281
1507,350
1507,757
1507,2167
1507,4100
1508,2083
1508,3048
1509,1525
1509,1868
1509,2828
1509,3056
1510,831
1511,781
1512,2568
1513,1037
1513,1178
1513,1539
1513,1643
1513,1894
1513,1957
1513,3887
1514,1502
1515,2878
1515,3105
1515,3328
1515,3351
1515,4160
1516,1230
1516,1240
1516,1729
1516,1767
1516,2068
1516,2385
1517,519
1518,182
1518,270
1518,332
1518,582
1518,1163
1518,1912
1519,352
1519,446
1519,492
1519,526
1519,604
1519,605
1519,738
1519,1298
1519,1956
1520,1125
1521,255
1521,1177
1521,1673
1521,2252
1521,2565
1521,2599
1522,3638
1522,3804
1523,2895
1524,1949
1525,954
1525,1083
1525,1156
1525,2146
1526,2280
1527,3221
1528,57
1528,68
1528,205
1529,3840
1530,376
1530,1016
1530,1098
1531,2390
1532,23
1532,98
1532,363
1532,503
1532,1082
1532,2801
1533,651
1534,2662
1535,2422
1535,2934
1535,3217
1535,3494
1535,3939
1536,244
1536,1110
1536,1458
1536,1601
1536,4221
1537,2463
1538,3400
1539,2941
1540,2271
1541,2290
1542,3473
1543,2027
1544,1124
1544,4129
1545,860
1545,1351
1545,1575
1545,1978
1546,1195
1547,1004
1547,1411
1547,1551
1547,3185
1548,266
1548,445
1548,1152
1548,1602
1548,3353
1549,20
1549,234
1549,296
1549,298
1549,299
1549,1851
1549,3323
1549,3957
1549,4042
1550,2428
1551,2293
1552,1324
1553,1477
1554,787
1554,1047
1555,3578
1556,733
1557,2826
1558,2986
1559,374
1559,395
1559,398
1559,468
1559,1209
1559,1482
1559,1922
1560,47
1561,2766
1561,3121
1561,4019
1562,3488
1563,901
1563,2642
1564,151
1564,643
1564,2270
1564,2606
1565,1338
1566,3692
1567,161
1567,822
1567,848
1567,2747
1568,557
1569,3752
1570,1509
1571,314
1571,687
1571,846
1571,1045
1572,3764
1573,2380
1574,1766
1575,1644
1575,2520
1576,2721
1577,3608
1578,166
1578,335
1578,623
1578,939
1578,977
1578,1738
1578,2045
1578,2502
1578,3097
1579,823
1579,2481
1580,459
1580,560
1581,830
1581,1189
1581,1692
1581,2442
1582,273
1583,4152
1584,725
1585,3231
1586,2542
1586,3235
1587,3837
1588,4079
1589,258
1589,520
1589,630
1589,767
1589,769
1589,2968
1589,3890
1590,3407
1591,2697
1592,2408
1593,4163
1594,3142
1595,1803
1595,3270
1596,2864
1597,226
1597,230
1597,375
1597,1380
1597,1698
1597,1951
1598,3402
1599,3631
1600,2840
1601,3253
1602,2855
1603,3994
1604,3753
1605,4004
1606,1373
1606,3641
1607,2479
1607,3376
1608,3321
1608,3659
1609,3979
1610,528
1610,1283
1610,1284
1610,2683
1611,4195
1612,849
1612,1247
1612,1445
1612,3662
1613,2734
1614,3193
1615,3830
1616,3908
1617,1049
1617,1578
1617,2712
1618,1566
1619,3778
1620,308
1620,510
1620,523
1620,556
1620,591
1620,606
1620,664
1620,933
1620,2009
1620,2049
1620,2681
1620,3456
1621,3392
1622,1465
1622,2087
1623,2355
1623,4007
1624,4013
1625,3866
1626,80
1627,1580
1627,1669
1627,1883
1627,1891
1628,3774
1629,1794
1629,2093
1629,2300
1630,3501
1630,3555
1630,3566
1630,3794
1631,934
1631,989
1631,2646
1632,144
1632,414
1632,439
1632,752
1632,900
1632,1009
1632,1268
1632,1355
1632,1396
1632,2019
1633,3944
1634,3125
1635,1632
1635,3243
1636,1750
1636,2174
1636,2215
1636,3272
1636,4176
1637,3289
1637,4112
1638,1550
1639,1773
1639,2261
1639,3386
1640,2844
1640,3409
1641,925
1641,1485
1641,1931
1641,2638
1641,3746
1642,808
1642,1208
1642,3311
1642,3766
1642,4056
1643,1649
1643,1810
1643,1955
1643,2078
1643,3131
1643,3188
1643,3428
1643,3571
1643,3651
1643,3714
1643,4258
1644,1335
1644,2897
1645,1389
1646,4053
1647,3483
1648,3129
1649,3996
1649,4191
1650,1193
1650,2794
1650,3118
1651,3340
1652,1847
1653,3212
1654,2487
1654,2979
1654,3086
1654,3173
1655,2170
1656,2369
1657,2143
1658,19
1658,137
1658,239
1658,241
1658,246
1658,252
1658,289
1658,568
1658,878
1658,1227
1658,1354
1658,1489
1658,1817
1658,3416
1659,1776
1660,3190
1661,3688
1662,3805
1663,572
1663,615
1663,689
1663,3902
1664,62
1664,87
1664,142
1664,347
1664,435
1664,518
1664,742
1664,1204
1664,1317
1664,2362
1665,2124
1666,58
1666,223
1666,730
1666,3942
1667,16
1667,365
1667,438
1667,852
1667,1435
1668,3904
1669,126
1669,195
1669,240
1669,330
1669,775
1670,2706
1671,627
1671,902
1671,976
1671,1256
1671,1378
1671,1538
1671,2191
1671,2272
1671,2514
1671,2975
1672,3848
1673,3670
1674,2876
1675,2137
1675,2163
1675,2776
1676,1623
1677,2790
1678,3980
1679,795
1680,3130
1681,3512
1682,3926
1683,3281
1684,3693
1685,2386
1686,2292
1686,2655
1686,2749
1687,3457
1688,700
1689,481
1689,978
1689,1212
1689,1275
1689,1839
1689,2148
1690,3064
1691,3025
1692,3701
1693,659
1693,706
1693,1339
1693,1783
1693,3168
1694,817
1694,892
1694,1079
1694,1214
1694,1270
1694,1590
1694,1652
1694,2011
1694,2072
1694,3080
1694,4272
1695,3709
1696,3374
1697,174
1697,228
1697,657
1697,764
1697,1202
1698,3167
1699,72
1700,1809
1701,4220
1702,2972
1703,52
1703,132
1703,313
1703,331
1703,348
1703,748
1703,771
1703,1076
1703,1087
1703,1352
1703,1426
1703,2122
1704,4206
1705,716
1705,1795
1705,2564
1705,2914
1705,4023
1706,2430
1707,2216
1707,3773
1708,3057
1708,3111
1709,361
1709,448
1710,3438
1710,3832
1711,436
1712,214
1712,434
1712,1282
1712,1801
1712,1998
1712,2130
1712,2393
1713,1041
1713,1336
1713,2703
1714,986
1714,1046
1714,1146
1715,219
1715,383
1715,2095
1716,2950
1717,3263
1718,3958
1719,51
1719,81
1719,123
1719,187
1719,220
1719,460
1719,1645
1719,3743
1720,74
1720,920
1720,1267
1720,1363
1721,614
1721,1307
1721,1807
1721,3539
1722,1584
1723,186
1723,279
1723,343
1723,447
1723,541
1723,581
1723,720
1723,1239
1723,1576
1723,2973
1724,794
1724,1790
1725,491
1725,992
1725,1842
1725,2414
1726,280
1726,424
1726,2787
1727,2303
1728,1353
1728,1654
1728,1699
1728,1749
1729,1916
1729,2731
1730,2256
1730,2769
1731,3474
1732,690
1732,1608
1732,1850
1733,71
1734,304
1734,1757
1734,3602
1735,3925
1736,1875
1737,3857
1738,3050
1739,997
1739,1144
1739,2307
1739,2449
1740,3186
1741,1234
1741,4003
1742,4043
1743,4028
1744,655
1744,2654
1745,3219
1746,1201
1747,3055
1748,3869
1749,4209
1750,2740
1751,2775
1751,3076
1752,3806
1753,3510
1754,677
1755,4121
1756,3469
1757,2
1757,25
1757,404
1757,507
1757,1008
1757,1935
1757,2333
1757,3088
1758,3462
1759,3207
1759,3365
1759,3500
1760,5
1760,26
1760,139
1760,896
1760,1410
1760,2246
1760,2718
1760,3063
1760,3508
1761,1078
1761,3782
1762,755
1762,1151
1762,1510
1762,2240
1763,3182
1764,1639
1764,2639
1765,2373
1766,3655
1767,367
1768,2889
1769,1648
1770,3953
1771,2650
1772,814
1772,1920
1772,2947
1773,413
1773,2150
1773,3883
1774,3768
1775,3363
1776,1663
1777,1257
1777,1429
1777,1606
1777,1714
1777,3240
1778,2815
1779,1319
1779,2935
1780,2873
1780,3318
1781,4275
1782,1383
1783,710
1783,1671
1784,2114
1785,575
1786,4052
1787,741
1787,851
1787,1117
1787,2132
1788,3934
1789,2171
1790,1014
1790,2022
1791,2967
1792,300
1792,1196
1792,2199
1793,1819
1794,1553
1794,4179
1795,400
1795,1271
1795,1274
1796,562
1796,839
1796,1143
1797,2016
1797,2391
1797,3214
1798,1511
1799,27
1799,2429
1800,4271
1801,4026
1802,3257
1802,3673
1802,3742
1802,3905
1803,3122
1803,3713
1804,4196
1805,1707
1806,104
1806,172
1806,217
1806,229
1806,412
1806,737
1806,758
1806,1081
1806,1985
1806,2126
1806,2351
1806,2494
1807,3369
1808,792
1808,1333
1808,1748
1809,2286
1809,3202
1810,4184
1811,3913
1812,2745
1813,3370
1814,3686
1815,3059
1816,4066
1817,2253
1818,2273
1818,2570
1818,2670
1818,3481
1818,4122
1819,3835
1820,2716
1820,2793
1821,124
1821,423
1822,261
1822,301
1822,406
1822,642
1822,1044
1822,1371
1822,1564
1823,1017
1823,1755
1823,1867
1823,2007
1824,1064
1825,1164
1825,3114
1825,3196
1825,3413
1826,4085
1827,3117
1828,264
1828,1858
1828,2140
1828,2547
1829,853
1829,1021
1829,1290
1829,1762
1829,1897
1829,2491
1829,2656
1829,2785
1829,2833
1829,3180
1829,3248
1829,3380
1829,3549
1829,3669
1829,3878
1829,4199
1830,3643
1831,2894
1831,3567
1832,597
1832,801
1832,2121
1832,2710
1832,3704
1832,3784
1833,3041
1834,3356
1835,3987
1836,2452
1836,3223
1837,3455
1838,263
1839,2394
1839,2505
1840,2503
1841,2571
1842,2026
1842,2102
1842,2850
1843,1145
1843,1391
1843,1742
1843,2692
1843,3276
1844,958
1844,1589
1844,1822
1844,1871
1844,1996
1844,2053
1844,2346
1844,2477
1844,2626
1844,2804
1844,4116
1845,874
1845,1792
1845,2991
1846,728
1846,912
1846,1170
1846,1225
1846,1423
1846,2755
1846,2757
1846,3345
1847,1452
1848,419
1848,780
1848,1312
1848,3284
1849,1514
1850,1166
1850,1971
1850,3467
1851,3124
1852,458
1852,984
1853,67
1853,284
1853,1020
1853,3146
1854,3152
1855,799
1856,1744
1857,1484
1858,1557
1858,1846
1859,3864
1859,4074
1860,505
1860,645
1860,1659
1860,2888
1861,3299
1862,119
1863,3014
1863,4037
1864,282
1864,294
1865,1962
1865,3150
1866,1229
1866,1642
1866,3091
1867,833
1867,1447
1867,1725
1867,2786
1868,1251
1868,2519
1868,2536
1869,2018
1869,3003
1870,3893
1871,428
1871,843
1871,1142
1871,1474
1872,1306
1873,883
1874,891
1875,2263
1875,3442
1876,665
1876,844
1876,935
1876,950
1876,1419
1876,1512
1876,1863
1876,1890
1876,2827
1876,3072
1876,3726
1876,3879
1876,4185
1877,46
1877,168
1877,247
1877,329
1877,461
1877,472
1877,479
1877,521
1877,534
1877,574
1877,579
1877,820
1877,936
1877,1107
1877,1128
1877,1406
1877,1586
1877,1695
1877,1942
1877,1944
1877,2337
1877,2598
1878,672
1878,810
1879,2925
1880,1459
1881,698
1881,773
1882,613
1883,1928
1884,2651
1884,2860
1885,2600
1886,4113
1887,3624
1888,1015
1889,1320
1890,2308
1891,617
1891,1042
1891,1425
1891,2330
1892,3711
1893,1765
1893,2475
1894,385
1894,1825
1895,3211
1896,4268
1897,3922
1898,2680
1899,2668
1900,2919
1900,3315
1901,2614
1901,2989
1901,4093
1902,3767
1903,3856
1904,371
1904,488
1904,1685
1905,1517
1905,1696
1906,3685
1907,607
1907,740
1907,1097
1907,1334
1907,1356
1907,1814
1908,1478
1909,955
1909,2474
1910,3556
1911,1820
1911,1873
1912,2829
1913,967
1913,2905
1913,3697
1913,3919
1914,826
1914,1346
1914,1541
1914,3582
1915,4241
1916,2222
1917,429
1917,1832
1917,2142
1917,2411
1917,2613
1917,4111
1918,2155
1918,3242
1919,3120
1920,1965
1921,2535
1922,2795
1923,2006
1923,2153
1924,985
1924,2376
1924,2531
1925,4269
1926,4055
1927,3026
1927,3532
1927,3863
1928,473
1928,2343
1929,3633
1930,2726
1930,3286
1931,3661
1932,100
1932,115
1932,249
1932,389
1932,430
1932,532
1932,1205
1932,1266
1932,1491
1932,2197
1932,2347
1932,2800
1932,3430
1933,3109
1934,1759
1935,3601
1936,632
1936,708
1936,749
1936,1840
1936,2634
1937,3770
1938,163
1938,390
1938,2678
1938,4080
1939,1496
1939,3677
1940,727
1941,1418
1941,2702
1942,190
1942,1095
1942,1706
1942,1828
1942,2602
1942,2603
1943,2812
1944,2682
1945,3854
1946,323
1946,465
1946,570
1946,2339
1946,3479
1947,2421
1948,1782
1948,3364
1949,2499
1949,3802
1950,1640
1950,2080
1951,2085
1951,2518
1951,2929
1952,388
1952,588
1952,669
1952,1263
1952,1831
1952,2023
1952,2274
1953,3390
1953,3588
1953,4017
1954,1993
1955,2832
1956,772
1956,858
1956,898
1957,4077
1958,2955
1959,3093
1960,2983
1961,2398
1962,1506
1962,3645
1963,584
1963,2334
1963,3161
1964,3373
1965,1975
1965,4063
1966,173
1967,1420
1968,3897
1969,3581
1970,4166
1971,64
1971,384
1971,713
1971,753
1971,841
1971,965
1971,2605
1972,271
1972,619
1972,906
1972,3798
1972,4183
1973,1441
1973,4115
1974,1938
1975,2320
1975,2427
1976,1323
1976,2797
1977,4010
1978,871
1978,4027
1979,715
1980,184
1980,694
1980,1921
1981,1857
1981,2501
1982,2447
1983,1365
1983,2810
1984,3099
1985,3046
1985,3917
1986,254
1986,311
1986,336
1986,359
1986,652
1986,667
1986,762
1986,790
1986,922
1986,1946
1986,2331
1986,2583
1987,4260
1988,4047
1989,2247
1990,1926
1990,1987
1990,3947
1991,2995
1991,3126
1992,1515
1993,2792
1994,2457
1995,1717
1995,1932
1995,1964
1995,1966
1995,2123
1995,2218
1995,2348
1995,2478
1995,2752
1996,2336
1997,1904
1997,2116
1998,1176
1999,723
1999,1806
1999,3520
1999,4257
2000,2269
2000,2671
2001,2893
2002,3789
2003,2152
2003,2297
2004,2882
2004,3224
2005,2315
2006,2423
2007,3352
2008,3482
2008,3636
2009,3632
2009,4018
2010,2831
2011,2471
2012,3790
2013,2851
2013,3827
2014,3060
2015,427
2016,3489
2017,1535
2017,3471
2018,2962
2019,2954
2020,3796
2021,4234
2022,3976
2023,2645
2024,302
2025,325
2025,637
2025,1292
2025,3175
2026,804
2026,2047
2027,3891
2028,719
2028,1823
2028,3621
2029,4170
2030,953
2030,1377
2030,1516
2031,3516
2032,4095
2033,2324
2034,2255
2034,3433
2035,2110
2036,761
2036,999
2036,1860
2036,2377
2036,3215
2037,1812
2037,2821
2038,909
2038,1169
2038,1428
2038,1598
2038,2278
2038,2780
2038,3334
2039,654
2039,1366
2040,1330
2040,2485
2041,3598
2041,4106
2042,2419
2043,227
2044,598
2044,1287
2044,2998
2045,1536
2046,2187
2047,2727
2048,3426
2049,2323
2050,2597
2050,2870
2051,783
2051,923
2051,1917
2051,1967
2051,2842
2051,3681
2052,3348
2053,3225
2053,3772
2054,2885
2055,3244
2056,1480
2057,3690
2058,1264
2059,3160
2060,91
2060,189
2060,351
2060,863
2060,1646
2060,2643
2061,2956
2062,1476
2062,1683
2062,1924
2062,2043
2062,2055
2062,2059
2062,2166
2062,2179
2062,2205
2062,2289
2062,2296
2062,2305
2062,2382
2062,2407
2062,2425
2062,2433
2062,2653
2062,3414
2062,3429
2062,3699
2062,3700
2062,3757
2063,550
2064,3320
2065,2223
2065,3606
2066,457
2067,2902
2067,3101
2068,286
2068,1022
2068,1061
2068,2232
2068,2647
2068,2676
2068,3552
2068,3824
2069,4125
2070,3876
2071,3199
2071,3650
2072,3198
2073,8
2073,13
2073,143
2073,272
2073,498
2073,633
2073,1596
2073,3817
2074,3672
2075,3859
2076,3153
2076,4210
2077,4171
2078,3246
2079,3652
2080,4143
